Generacion,Evaluaciones,Mejor_Fitness,Fitness_Promedio_Poblacion
0.0,50.0,0.8560189902788105,0.8207697749661881
1.0,98.0,0.8628950988816709,0.8305665556936935
2.0,146.0,0.8628950988816709,0.8418422028871595
3.0,194.0,0.8700834985626684,0.8502743697222473
4.0,242.0,0.875953706506594,0.8571254159624722
5.0,290.0,0.8764334233312896,0.864223197822671
6.0,338.0,0.8800144566659377,0.8711225839519382
7.0,386.0,0.8866479297245191,0.8751542508160978
8.0,434.0,0.8891561334921056,0.8784669463087654
9.0,482.0,0.8922313301655378,0.8833026450592684
10.0,530.0,0.8951357949156282,0.8862050179284199
11.0,578.0,0.8970120572780376,0.8899141100316137
12.0,626.0,0.89950620551842,0.8926267849917587
13.0,674.0,0.8996255279154105,0.8954592942908525
14.0,722.0,0.9031691852382107,0.896693324687044
15.0,770.0,0.9037956138902149,0.8996475028202835
16.0,818.0,0.9071259775826654,0.9016565134114123
17.0,866.0,0.9097263256388615,0.9038427381122791
18.0,914.0,0.9097263256388615,0.905024810923594
19.0,962.0,0.9103951585416672,0.9074053164196465
20.0,1010.0,0.9127466857590623,0.9091718142923678
21.0,1058.0,0.9140878071905395,0.9104940417265164
22.0,1106.0,0.915278722798652,0.9120464925563104
23.0,1154.0,0.9165866273218316,0.913565608440328
24.0,1202.0,0.9187967498354965,0.9148881529229165
25.0,1250.0,0.9219118634765007,0.9162238174896443
26.0,1298.0,0.9219118634765007,0.9176450087419192
27.0,1346.0,0.9234972359805579,0.9192201588368011
28.0,1394.0,0.9246184779214272,0.9214101614115161
29.0,1442.0,0.9257957386262499,0.9228406578854301
30.0,1490.0,0.9268733884638415,0.9239040931338448
31.0,1538.0,0.9293208788948554,0.925243590431185
32.0,1586.0,0.9293707979917445,0.9265831241728093
33.0,1634.0,0.931378641230306,0.9278452680812603
34.0,1682.0,0.9335070244688135,0.929285566158421
35.0,1730.0,0.9335070244688135,0.9303911179523431
36.0,1778.0,0.9349670402203761,0.9315521443785826
37.0,1826.0,0.9352598977034997,0.9325331228709155
38.0,1874.0,0.9365871303501219,0.933916474868837
39.0,1922.0,0.9374601795096644,0.9350332538156221
40.0,1970.0,0.9386092031278537,0.9357463583424258
41.0,2018.0,0.9398555332722007,0.9366508868963846
42.0,2066.0,0.940102937741716,0.9382550639924357
43.0,2114.0,0.9416104135972914,0.9387491953667703
44.0,2162.0,0.9421297137842821,0.9399603040576296
45.0,2210.0,0.9445212391290291,0.9410309992370753
46.0,2258.0,0.9445212391290291,0.9416147305172793
47.0,2306.0,0.9449347739988898,0.9424768489638893
48.0,2354.0,0.9465125928411267,0.9435231243012158
49.0,2402.0,0.9478611106677176,0.9446790859384744
50.0,2450.0,0.9480991163104115,0.9457809224746707
51.0,2498.0,0.9483389670642772,0.9466736133643714
52.0,2546.0,0.9493200826445622,0.9472489993259527
53.0,2594.0,0.9494270052132295,0.9476047794531484
54.0,2642.0,0.9499706197898886,0.9479598600652258
55.0,2690.0,0.9502500031417567,0.9486702398332311
56.0,2738.0,0.9511573925126214,0.9491284730747725
57.0,2786.0,0.9515911881008984,0.9496508062744055
58.0,2834.0,0.9526907627652834,0.9503280893624568
59.0,2882.0,0.9538393895966161,0.9509023670342553
60.0,2930.0,0.9538393895966161,0.951731988206393
61.0,2978.0,0.9544338175146789,0.9527594569851103
62.0,3026.0,0.9558901636496202,0.9531144839935068
63.0,3074.0,0.955905797857515,0.9536959561322395
64.0,3122.0,0.9570348249227375,0.9546393258441291
65.0,3170.0,0.9571841107867956,0.955302785660962
66.0,3218.0,0.9576298898102622,0.9559020070893635
67.0,3266.0,0.9582835922312424,0.9566669933544419
68.0,3314.0,0.9597558785445574,0.957274576346687
69.0,3362.0,0.9602516289891452,0.9579302764102648
70.0,3410.0,0.9602516289891452,0.9580543558581825
71.0,3458.0,0.9606756657865838,0.9586048460868051
72.0,3506.0,0.9610844430798642,0.9593692875101226
73.0,3554.0,0.9619792177937063,0.959633754801969
74.0,3602.0,0.9619792177937063,0.9600395441508092
75.0,3650.0,0.9622904364372741,0.9604746936351137
76.0,3698.0,0.9625971868353169,0.9610090035050317
77.0,3746.0,0.9637360333480949,0.9612678571911866
78.0,3794.0,0.9640797435288081,0.9620693746753055
79.0,3842.0,0.9640797435288081,0.9620843426332037
80.0,3890.0,0.9649662054095274,0.9629326249907635
81.0,3938.0,0.9653685912231507,0.963517918649846
82.0,3986.0,0.9661548482811698,0.9640959926520339
83.0,4034.0,0.9669752155903655,0.964624591826017
84.0,4082.0,0.9670971022607074,0.9651275845718144
85.0,4130.0,0.9679505680839129,0.9655939940374318
86.0,4178.0,0.9689001375023569,0.9664101488201458
87.0,4226.0,0.9694350811146486,0.9669094295282693
88.0,4274.0,0.9694350811146486,0.9674879742761423
89.0,4322.0,0.9700065928395873,0.9679368002281482
90.0,4370.0,0.970288927201941,0.968529654798979
91.0,4418.0,0.9710846251995168,0.9690861036698025
92.0,4466.0,0.9711120031840201,0.9697002919447334
93.0,4514.0,0.9713566662090312,0.9697913068999569
94.0,4562.0,0.9724273919662254,0.9703690892731077
95.0,4610.0,0.9726927741771726,0.9708028698885517
96.0,4658.0,0.9726927741771726,0.971021980671893
97.0,4706.0,0.9731041323147682,0.971111318802048
98.0,4754.0,0.9740955095966501,0.9716407919099562
99.0,4802.0,0.9740955095966501,0.9718887687274225
100.0,4850.0,0.9746092336750489,0.9719513348675427
101.0,4898.0,0.9747459048089874,0.97243450632764
102.0,4946.0,0.9752508047873659,0.9731728600620919
103.0,4994.0,0.9752508047873659,0.9737163595734628
104.0,5042.0,0.975607106151323,0.9741285711905127
105.0,5090.0,0.9756782871837981,0.9741915958359726
106.0,5138.0,0.9756782871837981,0.9745059636432778
107.0,5186.0,0.9758382398519997,0.9746334107601843
108.0,5234.0,0.9763065030010316,0.9749632979035971
109.0,5282.0,0.9763404679794836,0.9745388373173128
110.0,5330.0,0.9766730733220113,0.9752575134213848
111.0,5378.0,0.9769017244171776,0.9751433330062679
112.0,5426.0,0.9769429879475229,0.9758367181882841
113.0,5474.0,0.9774544810780752,0.9757778295191812
114.0,5522.0,0.9774544810780752,0.9756127173792137
115.0,5570.0,0.9774544810780752,0.9759221467241496
116.0,5618.0,0.9774665795196421,0.9761097750405131
117.0,5666.0,0.9778750221719248,0.9762518690480826
118.0,5714.0,0.9778750221719248,0.9762552387971206
119.0,5762.0,0.9778934185600854,0.9766006824195006
120.0,5810.0,0.9778934185600854,0.9766227169423669
121.0,5858.0,0.9783454242118623,0.9769889013671325
122.0,5906.0,0.9783454242118623,0.9768506230145968
123.0,5954.0,0.9786936110167885,0.9770158151652368
124.0,6002.0,0.9786936110167885,0.9773111690094393
125.0,6050.0,0.9787272049216579,0.97756117747135
126.0,6098.0,0.9796020761326109,0.9775907077135111
127.0,6146.0,0.9796020761326109,0.9778028227114386
128.0,6194.0,0.9796020761326109,0.9773744981281408
129.0,6242.0,0.9799199431730954,0.9776654355886436
130.0,6290.0,0.98032638345409,0.97812975940057
131.0,6338.0,0.98032638345409,0.9780247061303506
132.0,6386.0,0.98032638345409,0.978505108151364
133.0,6434.0,0.98032638345409,0.9789018891056503
134.0,6482.0,0.9810458186118525,0.9790164240127942
135.0,6530.0,0.9810458186118525,0.979386594143792
136.0,6578.0,0.981311796665341,0.9791825548184224
137.0,6626.0,0.9815874812683298,0.9795123244975449
138.0,6674.0,0.9815874812683298,0.9796848519556324
139.0,6722.0,0.9816019422396624,0.9796433402544338
140.0,6770.0,0.9816019422396624,0.9800246723526979
141.0,6818.0,0.9820344667553904,0.9801142299637384
142.0,6866.0,0.9821584368480981,0.980684635807205
143.0,6914.0,0.9821584368480981,0.9806723615393319
144.0,6962.0,0.9827561960865614,0.9804243080273559
145.0,7010.0,0.9827561960865614,0.9809187439333172
146.0,7058.0,0.9827561960865614,0.9811376956633047
147.0,7106.0,0.9827561960865614,0.9810650610437479
148.0,7154.0,0.9833679945608065,0.9809715755653704
149.0,7202.0,0.9833679945608065,0.9813043873076746
150.0,7250.0,0.9833679945608065,0.9814355725850359
151.0,7298.0,0.9833679945608065,0.9815534126782299
152.0,7346.0,0.9833679945608065,0.9819669648799241
153.0,7394.0,0.9833844150159935,0.9820958398618147
154.0,7442.0,0.9835788815662634,0.9820222515755157
155.0,7490.0,0.9835788815662634,0.9818723474070193
156.0,7538.0,0.9835889279346728,0.9819560887493637
157.0,7586.0,0.9835889279346728,0.9817710050665502
158.0,7634.0,0.9836913492825692,0.9821354168880965
159.0,7682.0,0.9837646185979467,0.9821001543946306
160.0,7730.0,0.9837646185979467,0.9820940649933493
161.0,7778.0,0.9837679718778277,0.9818863967033211
162.0,7826.0,0.983795469860762,0.98223231033546
163.0,7874.0,0.9840763724327926,0.9826394439176553
164.0,7922.0,0.9840763724327926,0.9826141747754588
165.0,7970.0,0.9840763724327926,0.9821863692003986
166.0,8018.0,0.9841531603863418,0.9827234126123311
167.0,8066.0,0.9841531603863418,0.9824874253378008
168.0,8114.0,0.9842775305326691,0.9829478867756847
169.0,8162.0,0.9842775305326691,0.9828478740777946
170.0,8210.0,0.9842775305326691,0.9827381205217935
171.0,8258.0,0.9842775305326691,0.9818289568359022
172.0,8306.0,0.9842775305326691,0.982648733300304
173.0,8354.0,0.9843652319989145,0.9829677020978923
174.0,8402.0,0.9844757383687517,0.9830839469881938
175.0,8450.0,0.9845548607772406,0.9832980817567086
176.0,8498.0,0.9845548607772406,0.9828214529873784
177.0,8546.0,0.9845548607772406,0.9826001792366285
178.0,8594.0,0.9845548607772406,0.9830967784486703
179.0,8642.0,0.9845548607772406,0.9831124948817893
180.0,8690.0,0.9846946057237685,0.9829134271172703
181.0,8738.0,0.9848053683226734,0.9831586139861431
182.0,8786.0,0.9848053683226734,0.9835187411876491
183.0,8834.0,0.9848053683226734,0.9831564198544018
184.0,8882.0,0.9848053683226734,0.982920852594437
185.0,8930.0,0.9848053683226734,0.9830801409668145
186.0,8978.0,0.9848604895883755,0.9834249120004595
187.0,9026.0,0.9848739693344468,0.9834012645454764
188.0,9074.0,0.9850975872957628,0.9833276922466472
189.0,9122.0,0.9851088018426949,0.9833303030909109
190.0,9170.0,0.9851088018426949,0.983201940210266
191.0,9218.0,0.9851088018426949,0.9830287118812953
192.0,9266.0,0.9851212141311065,0.9831309356070901
193.0,9314.0,0.9851212141311065,0.9830897454162963
194.0,9362.0,0.9852581706121206,0.9829464603415183
195.0,9410.0,0.9852581706121206,0.9835481448880529
196.0,9458.0,0.9852581706121206,0.9825767471171883
197.0,9506.0,0.9852581706121206,0.983215111822339
198.0,9554.0,0.9852581706121206,0.9829741162412668
199.0,9602.0,0.9852581706121206,0.9824432325579674
200.0,9650.0,0.9852581706121206,0.9832705842911585
201.0,9698.0,0.9852581706121206,0.9829087883150572
202.0,9746.0,0.9852581706121206,0.9830065174432567
203.0,9794.0,0.9852581706121206,0.9832217223649541
204.0,9842.0,0.9852581706121206,0.9830321923240394
205.0,9890.0,0.9852581706121206,0.9832832009365086
206.0,9938.0,0.9852581706121206,0.9830095026052922
207.0,9986.0,0.9852581706121206,0.9839051800150582
208.0,10034.0,0.9852581706121206,0.983846109751901
209.0,10082.0,0.9852581706121206,0.9834856537124708
210.0,10130.0,0.9852581706121206,0.9834426744650955
211.0,10178.0,0.9853591045291428,0.9838198204101357
212.0,10226.0,0.9854074555726486,0.9827499164628617
213.0,10274.0,0.9854074555726486,0.983402612250718
214.0,10322.0,0.9854074555726486,0.9834805079072214
215.0,10370.0,0.9855520415369848,0.9840526827354789
216.0,10418.0,0.9856586145336724,0.9832104596823916
217.0,10466.0,0.9856586145336724,0.9841189830633715
218.0,10514.0,0.9858315590047974,0.9839722610630807
219.0,10562.0,0.9859678867901892,0.9840341831994052
220.0,10610.0,0.9859678867901892,0.9844431607702353
221.0,10658.0,0.9860748987731708,0.9844837547492373
222.0,10706.0,0.9860748987731708,0.9839352475291789
223.0,10754.0,0.9860748987731708,0.9839958803870721
224.0,10802.0,0.9862374828953776,0.9835773049638215
225.0,10850.0,0.9862374828953776,0.9841966466852567
226.0,10898.0,0.9862374828953776,0.9836635507837377
227.0,10946.0,0.9862374828953776,0.9836110206024151
228.0,10994.0,0.9862374828953776,0.9840829325314658
229.0,11042.0,0.9862374828953776,0.9839309327142338
230.0,11090.0,0.9862374828953776,0.9841305097936754
231.0,11138.0,0.9863493585151274,0.9843370491051963
232.0,11186.0,0.9863493585151274,0.9842388489316417
233.0,11234.0,0.986533259331254,0.9847172694402002
234.0,11282.0,0.986533259331254,0.9849116605432363
235.0,11330.0,0.986533259331254,0.9845076176977404
236.0,11378.0,0.986533259331254,0.9847047859549224
237.0,11426.0,0.9866472744206489,0.9845952978127728
238.0,11474.0,0.9866472744206489,0.9842590435884974
239.0,11522.0,0.9866472744206489,0.9850830189387301
240.0,11570.0,0.9866472744206489,0.9849362472588916
241.0,11618.0,0.9866472744206489,0.9849760019004801
242.0,11666.0,0.9866472744206489,0.9849534180044982
243.0,11714.0,0.9866501869819636,0.9846315459820881
244.0,11762.0,0.9866501869819636,0.9846658284861962
245.0,11810.0,0.9866501869819636,0.9843008806179612
246.0,11858.0,0.9866501869819636,0.9849857785244438
247.0,11906.0,0.9866501869819636,0.9845900729518232
248.0,11954.0,0.9866501869819636,0.984701302353514
249.0,12002.0,0.9866501869819636,0.9849378716885013
250.0,12050.0,0.9866501869819636,0.9846218606391585
251.0,12098.0,0.9867488438652346,0.9846930168866467
252.0,12146.0,0.9867488438652346,0.9847783654836898
253.0,12194.0,0.9867488438652346,0.9844577058766216
254.0,12242.0,0.9867488438652346,0.9847922176592868
255.0,12290.0,0.9867488438652346,0.9848638830956082
256.0,12338.0,0.9867488438652346,0.984479653472469
257.0,12386.0,0.9867488438652346,0.9842376408174638
258.0,12434.0,0.9867488438652346,0.9848460169627217
259.0,12482.0,0.9867488438652346,0.9847111771795699
260.0,12530.0,0.9867488438652346,0.9848321748960623
261.0,12578.0,0.9867488438652346,0.9849713868703429
262.0,12626.0,0.9867643978054232,0.9847287713583674
263.0,12674.0,0.9867643978054232,0.9846503094921811
264.0,12722.0,0.9868079652106347,0.9841226241879883
265.0,12770.0,0.9868079652106347,0.9846042395442101
266.0,12818.0,0.9869874508850621,0.9837566939353073
267.0,12866.0,0.9869874508850621,0.9845629233556288
268.0,12914.0,0.9869874508850621,0.9844387516270712
269.0,12962.0,0.9869874508850621,0.9844778922259304
270.0,13010.0,0.9869874508850621,0.984785903870228
271.0,13058.0,0.9869874508850621,0.9844876249609075
272.0,13106.0,0.9869874508850621,0.9853034531440008
273.0,13154.0,0.9869874508850621,0.9849638123027782
274.0,13202.0,0.9869874508850621,0.984440356201527
275.0,13250.0,0.9869874508850621,0.9842807583888546
276.0,13298.0,0.9869874508850621,0.9846203592098145
277.0,13346.0,0.9869874508850621,0.9843764692583431
278.0,13394.0,0.9869874508850621,0.9846431684066032
279.0,13442.0,0.9869874508850621,0.9843641608903401
280.0,13490.0,0.9869874508850621,0.9843429904490582
281.0,13538.0,0.9869874508850621,0.9850353440428834
282.0,13586.0,0.9869874508850621,0.9848831657578717
283.0,13634.0,0.9871481283555379,0.9853144376302043
284.0,13682.0,0.9872569009871162,0.9853700735321693
285.0,13730.0,0.9872569009871162,0.9852930735297801
286.0,13778.0,0.9872569009871162,0.9851780399126135
287.0,13826.0,0.9872569009871162,0.9848118547952669
288.0,13874.0,0.9872569009871162,0.9851988266723213
289.0,13922.0,0.9872569009871162,0.9856415749386739
290.0,13970.0,0.9872569009871162,0.9855407976064757
291.0,14018.0,0.9872569009871162,0.9854322020479706
292.0,14066.0,0.9875347320798661,0.9849933981903224
293.0,14114.0,0.9875347320798661,0.9853354063742933
294.0,14162.0,0.9875347320798661,0.9856713464808063
295.0,14210.0,0.9875347320798661,0.9855676342588131
296.0,14258.0,0.9875885495887016,0.9857507796718066
297.0,14306.0,0.9875885495887016,0.9861889588519722
298.0,14354.0,0.9875885495887016,0.9855022254937547
299.0,14402.0,0.9875885495887016,0.9851116859498674
300.0,14450.0,0.9875885495887016,0.9857226406118617
301.0,14498.0,0.9876068587898656,0.9855722087330021
302.0,14546.0,0.9876068587898656,0.9852035037964518
303.0,14594.0,0.9876068587898656,0.9848796245889624
304.0,14642.0,0.987688780844751,0.9852720126113098
305.0,14690.0,0.987688780844751,0.9860737126230095
306.0,14738.0,0.987688780844751,0.9856653573552644
307.0,14786.0,0.987688780844751,0.9857205499149654
308.0,14834.0,0.987688780844751,0.9862004812413571
309.0,14882.0,0.987688780844751,0.9863513947929409
310.0,14930.0,0.987688780844751,0.9860158636623874
311.0,14978.0,0.987688780844751,0.9858907609130304
312.0,15026.0,0.987688780844751,0.9858616814582245
313.0,15074.0,0.987688780844751,0.9857289591040348
314.0,15122.0,0.987714075018572,0.9862783047895826
315.0,15170.0,0.987714075018572,0.9855300305055945
316.0,15218.0,0.987763326896864,0.9856697408735968
317.0,15266.0,0.987763326896864,0.9857120811469929
318.0,15314.0,0.987763326896864,0.9850177281959759
319.0,15362.0,0.987763326896864,0.9850647111794673
320.0,15410.0,0.987763326896864,0.9857902597598448
321.0,15458.0,0.987763326896864,0.985936351868009
322.0,15506.0,0.987770397609099,0.9856997475529704
323.0,15554.0,0.987770397609099,0.9854561848378057
324.0,15602.0,0.9877811245424951,0.9852485165862541
325.0,15650.0,0.9877811245424951,0.9856343946618851
326.0,15698.0,0.9877811245424951,0.9857638521326757
327.0,15746.0,0.9877811245424951,0.9858095340209994
328.0,15794.0,0.9877811245424951,0.9852932253336113
329.0,15842.0,0.9877811245424951,0.9856164557840503
330.0,15890.0,0.987783382026248,0.9856604079704451
331.0,15938.0,0.9877927742489867,0.9863537296288718
332.0,15986.0,0.9877927742489867,0.9861774858110987
333.0,16034.0,0.9877927742489867,0.9856647014725634
334.0,16082.0,0.9877927742489867,0.985673690061551
335.0,16130.0,0.9878009038009331,0.9856749823962986
336.0,16178.0,0.9878516925898089,0.9863001352063157
337.0,16226.0,0.9878516925898089,0.9858601071822002
338.0,16274.0,0.9878516925898089,0.9856431454846493
339.0,16322.0,0.9878516925898089,0.9858141151959623
340.0,16370.0,0.9878689807605034,0.9861722679504186
341.0,16418.0,0.9878689807605034,0.9860838944777561
342.0,16466.0,0.9878689807605034,0.9861721482106571
343.0,16514.0,0.9878689807605034,0.9861579962385914
344.0,16562.0,0.9878689807605034,0.9860346315362165
345.0,16610.0,0.9878689807605034,0.9862192744225413
346.0,16658.0,0.9878689807605034,0.9856969422619352
347.0,16706.0,0.9878689807605034,0.9858406176434917
348.0,16754.0,0.9878689807605034,0.9859541496940484
349.0,16802.0,0.9879914242141936,0.9859939006995094
350.0,16850.0,0.9879914242141936,0.985310668403944
351.0,16898.0,0.9879914242141936,0.9862369875825746
352.0,16946.0,0.9879914242141936,0.985668193712516
353.0,16994.0,0.9880212016291359,0.9861863352958037
354.0,17042.0,0.9880212016291359,0.9856933731986728
355.0,17090.0,0.9880212016291359,0.9859543945950618
356.0,17138.0,0.9880212016291359,0.9862653138695727
357.0,17186.0,0.9880212016291359,0.9860843360012383
358.0,17234.0,0.9880212016291359,0.986067389646241
359.0,17282.0,0.9880212016291359,0.9854965874068644
360.0,17330.0,0.9880212455317845,0.9852974436868155
361.0,17378.0,0.9880854841600221,0.9866941703151576
362.0,17426.0,0.9880854841600221,0.9858204957383359
363.0,17474.0,0.9880854841600221,0.9853394976971521
364.0,17522.0,0.9882052876748012,0.9863525037203213
365.0,17570.0,0.9882052876748012,0.9858694473070483
366.0,17618.0,0.9882052876748012,0.9864159443769567
367.0,17666.0,0.9882052876748012,0.9862051949331218
368.0,17714.0,0.9882052876748012,0.9861957711384726
369.0,17762.0,0.9882052876748012,0.986618364674288
370.0,17810.0,0.9882052876748012,0.9861733576489787
371.0,17858.0,0.9882052876748012,0.9863370267587847
372.0,17906.0,0.9882096630700247,0.9861402685856436
373.0,17954.0,0.9882529146960716,0.9862361970724031
374.0,18002.0,0.9882529146960716,0.9859591219662697
375.0,18050.0,0.9882529146960716,0.9859540351131897
376.0,18098.0,0.9882529146960716,0.9861394864982371
377.0,18146.0,0.9882529146960716,0.9861214504903874
378.0,18194.0,0.9882529146960716,0.9859774112774912
379.0,18242.0,0.9882529146960716,0.9857868439634998
380.0,18290.0,0.9882529146960716,0.9862503855456268
381.0,18338.0,0.9882529146960716,0.9866466513868158
382.0,18386.0,0.9882529146960716,0.9862179363324215
383.0,18434.0,0.9882529146960716,0.9860025532185247
384.0,18482.0,0.9882529146960716,0.9861997721228798
385.0,18530.0,0.9882529146960716,0.985497831520444
386.0,18578.0,0.9882529146960716,0.9854720702426017
387.0,18626.0,0.9882889136207109,0.986356903291128
388.0,18674.0,0.9882889136207109,0.9858000142285601
389.0,18722.0,0.9882889136207109,0.9859002343761654
390.0,18770.0,0.9882889136207109,0.9854119235803614
391.0,18818.0,0.9882889136207109,0.9865698471985582
392.0,18866.0,0.9882889136207109,0.9863002888068858
393.0,18914.0,0.9882889136207109,0.9859903130202684
394.0,18962.0,0.9883039825453606,0.9854401746773388
395.0,19010.0,0.9883039825453606,0.9866683971408102
396.0,19058.0,0.9883039825453606,0.9864806017356584
397.0,19106.0,0.9883140267158979,0.9863714310868545
398.0,19154.0,0.9883140267158979,0.9861176445298887
399.0,19202.0,0.9884062191804065,0.9860382545542842
400.0,19250.0,0.9884062191804065,0.9864118759535111
401.0,19298.0,0.9884062191804065,0.9863660755766004
402.0,19346.0,0.9884062191804065,0.9865174464912765
403.0,19394.0,0.9884062191804065,0.986485827552323
404.0,19442.0,0.9884062191804065,0.986148543739139
405.0,19490.0,0.9884468494075285,0.986354393775521
406.0,19538.0,0.9884468494075285,0.9872647397508878
407.0,19586.0,0.9884468494075285,0.9864124441085812
408.0,19634.0,0.9884468494075285,0.9865914949958107
409.0,19682.0,0.9884468494075285,0.9858943816857462
410.0,19730.0,0.9884503257957888,0.9863284717906788
411.0,19778.0,0.9884503257957888,0.9865287030042958
412.0,19826.0,0.9884503257957888,0.9861708114165514
413.0,19874.0,0.9884503257957888,0.9861213420689299
414.0,19922.0,0.9884583800583986,0.9865413467607306
415.0,19970.0,0.9884583800583986,0.9866328130724392
416.0,20018.0,0.9884583800583986,0.98649455512896
417.0,20066.0,0.9884641612364389,0.9864746128812607
418.0,20114.0,0.9884819954315713,0.9870784623103157
419.0,20162.0,0.9884819954315713,0.9861912239864472
420.0,20210.0,0.9884819954315713,0.9867813978339847
421.0,20258.0,0.9884819954315713,0.9869668589060291
422.0,20306.0,0.9884819954315713,0.9862752800684816
423.0,20354.0,0.9884819954315713,0.9863834570652014
424.0,20402.0,0.9884819954315713,0.9862257062237887
425.0,20450.0,0.9884819954315713,0.9857162196802598
426.0,20498.0,0.9884819954315713,0.9864468077038108
427.0,20546.0,0.9884819954315713,0.9858078124191263
428.0,20594.0,0.9884819954315713,0.9858212918347513
429.0,20642.0,0.9884819954315713,0.9860110345817549
430.0,20690.0,0.9884819954315713,0.9861929440367896
431.0,20738.0,0.9885232278723359,0.9862156543293628
432.0,20786.0,0.9885232278723359,0.9864383676750046
433.0,20834.0,0.9885232278723359,0.9866393624230984
434.0,20882.0,0.9885232278723359,0.9866960969049561
435.0,20930.0,0.9885232278723359,0.9868068068639855
436.0,20978.0,0.9885232278723359,0.9867585871688364
437.0,21026.0,0.9885232278723359,0.9857953442901827
438.0,21074.0,0.9885354094053619,0.9867251240638848
439.0,21122.0,0.9885354094053619,0.9861840003281036
440.0,21170.0,0.9885354094053619,0.9857835033856795
441.0,21218.0,0.9885354094053619,0.986505581077437
442.0,21266.0,0.9885354094053619,0.9860378802477608
443.0,21314.0,0.9885354094053619,0.9866642244703779
444.0,21362.0,0.9885354094053619,0.9856396518621869
445.0,21410.0,0.9885354094053619,0.985982430960531
446.0,21458.0,0.9885354094053619,0.986132119574298
447.0,21506.0,0.9886344793378401,0.9860649607096812
448.0,21554.0,0.9886344793378401,0.9862019967009101
449.0,21602.0,0.9886344793378401,0.985704850445185
450.0,21650.0,0.9886344793378401,0.9860445785598961
451.0,21698.0,0.9886344793378401,0.9856488927920729
452.0,21746.0,0.9886344793378401,0.9864991409666244
453.0,21794.0,0.9886344793378401,0.9856707804145646
454.0,21842.0,0.9886344793378401,0.985731356011371
455.0,21890.0,0.9886344793378401,0.9863625175603281
456.0,21938.0,0.9886344793378401,0.9859587990329204
457.0,21986.0,0.9886344793378401,0.9863788529902044
458.0,22034.0,0.9886344793378401,0.9862463818462447
459.0,22082.0,0.9886344793378401,0.9857173271809407
460.0,22130.0,0.9886344793378401,0.9859581665505934
461.0,22178.0,0.9886344793378401,0.986446719914418
462.0,22226.0,0.9886344793378401,0.9860492691160071
463.0,22274.0,0.9886344793378401,0.9853482511068067
464.0,22322.0,0.9886344793378401,0.9856845896655438
465.0,22370.0,0.9886344793378401,0.985728718912918
466.0,22418.0,0.9886346645767732,0.9866439325831335
467.0,22466.0,0.9886346645767732,0.9868485555919488
468.0,22514.0,0.9886346645767732,0.9868610042448736
469.0,22562.0,0.9886346645767732,0.9856688859956164
470.0,22610.0,0.9886346645767732,0.9861340237283422
471.0,22658.0,0.9886346645767732,0.9864645578345952
472.0,22706.0,0.9886416477995933,0.9862974177504108
473.0,22754.0,0.9886416477995933,0.986346282760402
474.0,22802.0,0.9886416477995933,0.985869020565948
475.0,22850.0,0.9886416477995933,0.9860134067903717
476.0,22898.0,0.9886416477995933,0.9860233383597898
477.0,22946.0,0.9886460700644927,0.9864349241598955
478.0,22994.0,0.9886460700644927,0.9865574090244671
479.0,23042.0,0.9886460700644927,0.9863247250186301
480.0,23090.0,0.9886460700644927,0.9866077848578216
481.0,23138.0,0.9886460700644927,0.9863860423089927
482.0,23186.0,0.9886460700644927,0.9862846465076182
483.0,23234.0,0.9886460700644927,0.9867786509655302
484.0,23282.0,0.988653527487147,0.9865528604483476
485.0,23330.0,0.9887716156754567,0.9867208959085315
486.0,23378.0,0.9887716156754567,0.9867070499507656
487.0,23426.0,0.9887716156754567,0.9867661129862279
488.0,23474.0,0.9887716156754567,0.9870533168441702
489.0,23522.0,0.9887716156754567,0.9866832288886255
490.0,23570.0,0.9887716156754567,0.9856369360842941
491.0,23618.0,0.9888808633806689,0.9868386500904113
492.0,23666.0,0.9888808633806689,0.986999262043563
493.0,23714.0,0.9889063632946187,0.9864033523805991
494.0,23762.0,0.9889063632946187,0.9866554056581248
495.0,23810.0,0.9889063632946187,0.9875647099470778
496.0,23858.0,0.9889063632946187,0.9875882204148823
497.0,23906.0,0.9889063632946187,0.9872042735133505
498.0,23954.0,0.9889063632946187,0.9867828749707843
499.0,24002.0,0.9889063632946187,0.9866583639328158
500.0,24050.0,0.9889092108858384,0.9869555923219483
501.0,24098.0,0.9889092108858384,0.9867660739384142
502.0,24146.0,0.9889092108858384,0.9873343827163962
503.0,24194.0,0.9889239236851827,0.9868039545984247
504.0,24242.0,0.9889239236851827,0.9871020680873407
505.0,24290.0,0.9889239236851827,0.9872580561298975
506.0,24338.0,0.9889239236851827,0.9860658994762652
507.0,24386.0,0.9889239236851827,0.9863259746557719
508.0,24434.0,0.9889239236851827,0.9866144879710254
509.0,24482.0,0.9889239236851827,0.9864412718071588
510.0,24530.0,0.9889239236851827,0.986251673585054
511.0,24578.0,0.9889239236851827,0.9862411470289544
512.0,24626.0,0.9889239236851827,0.9865332795515301
513.0,24674.0,0.9889239236851827,0.9861163501251947
514.0,24722.0,0.9889239236851827,0.9864415485610282
515.0,24770.0,0.9889239236851827,0.9862520501239871
516.0,24818.0,0.9889239236851827,0.9867668990110536
517.0,24866.0,0.9889239236851827,0.9866156187725613
518.0,24914.0,0.9889239236851827,0.9866068275430436
519.0,24962.0,0.9889239236851827,0.9864047151308482
520.0,25010.0,0.9889412400874161,0.9863452476817343
521.0,25058.0,0.9889428870565263,0.986081089125829
522.0,25106.0,0.9889693608398082,0.9859410334430423
523.0,25154.0,0.9889693608398082,0.9869428920692731
524.0,25202.0,0.9889693608398082,0.9854561075667772
525.0,25250.0,0.9889693608398082,0.9864123507437991
526.0,25298.0,0.9889693608398082,0.9862106493801446
527.0,25346.0,0.9889796966014464,0.987066642841373
528.0,25394.0,0.9889796966014464,0.9869656134551473
529.0,25442.0,0.9889796966014464,0.9874753187859947
530.0,25490.0,0.9889808887665004,0.9868766888561913
531.0,25538.0,0.9889808887665004,0.9860035114615852
532.0,25586.0,0.9889931998162486,0.9853243745816134
533.0,25634.0,0.9889931998162486,0.9867142919720123
534.0,25682.0,0.9889931998162486,0.9864481612659546
535.0,25730.0,0.9889931998162486,0.9856555635024855
536.0,25778.0,0.9889931998162486,0.9868630608846519
537.0,25826.0,0.9889931998162486,0.9862755212230632
538.0,25874.0,0.9889931998162486,0.9864762823927029
539.0,25922.0,0.9889931998162486,0.9858075551024824
540.0,25970.0,0.9889931998162486,0.9867827141285765
541.0,26018.0,0.9889931998162486,0.986234400426772
542.0,26066.0,0.9889966667781417,0.986592362398978
543.0,26114.0,0.9889966667781417,0.9854438306313986
544.0,26162.0,0.9889966667781417,0.9864148981166048
545.0,26210.0,0.9889966667781417,0.9866278232972177
546.0,26258.0,0.9889966667781417,0.986083442004621
547.0,26306.0,0.9889966667781417,0.9865027886036737
548.0,26354.0,0.9889966667781417,0.9872798480766913
549.0,26402.0,0.9890501242663599,0.986825629648356
550.0,26450.0,0.9890501242663599,0.9867099880497406
551.0,26498.0,0.9890501242663599,0.9864358990915797
552.0,26546.0,0.9890501242663599,0.9856457471429217
553.0,26594.0,0.9890501242663599,0.9866286571563916
554.0,26642.0,0.9890501242663599,0.98663679797829
555.0,26690.0,0.989056220436299,0.9869264392394171
556.0,26738.0,0.989056220436299,0.9866922009712157
557.0,26786.0,0.9890578133681861,0.9868961618815504
558.0,26834.0,0.9890578133681861,0.986282095059234
559.0,26882.0,0.9890578133681861,0.9864858789650711
560.0,26930.0,0.9890578133681861,0.9861437232802944
561.0,26978.0,0.9890578133681861,0.9858643249399822
562.0,27026.0,0.9890672526799505,0.9863409060841452
563.0,27074.0,0.9890672526799505,0.9867763268399685
564.0,27122.0,0.9890672526799505,0.9864613221027682
565.0,27170.0,0.9890672526799505,0.9859347280421252
566.0,27218.0,0.9890672526799505,0.9866319213966439
567.0,27266.0,0.9890923907552708,0.9867588873813724
568.0,27314.0,0.9890923907552708,0.987033946236781
569.0,27362.0,0.9890923907552708,0.986485185899206
570.0,27410.0,0.9890923907552708,0.9868722842268365
571.0,27458.0,0.9890923907552708,0.9866173748998344
572.0,27506.0,0.9890923907552708,0.9870633971694105
573.0,27554.0,0.9890923907552708,0.9865751869668321
574.0,27602.0,0.9890923907552708,0.9869473146796801
575.0,27650.0,0.9891011711087468,0.9869496792784167
576.0,27698.0,0.9891107529112093,0.9866826807859576
577.0,27746.0,0.9891123968704781,0.9871857080372237
578.0,27794.0,0.9891609473643611,0.9868493108954461
579.0,27842.0,0.9891609473643611,0.9867089971325549
580.0,27890.0,0.9891609473643611,0.9873006751650614
581.0,27938.0,0.9891609473643611,0.9873251401836219
582.0,27986.0,0.9891609473643611,0.9867132396047108
583.0,28034.0,0.9891609473643611,0.9865252304551444
584.0,28082.0,0.9891609473643611,0.9868347079901634
585.0,28130.0,0.9891609473643611,0.9869356482458962
586.0,28178.0,0.9891609473643611,0.9868630159079954
587.0,28226.0,0.9891609473643611,0.9863818757773746
588.0,28274.0,0.9891609473643611,0.9861555083376163
589.0,28322.0,0.9891609473643611,0.9862336824169526
590.0,28370.0,0.9891609473643611,0.9861830894416022
591.0,28418.0,0.9891609473643611,0.9866176572880573
592.0,28466.0,0.9891609473643611,0.9860599942356777
593.0,28514.0,0.9891609473643611,0.9863523018118941
594.0,28562.0,0.9891609473643611,0.9865263718264186
595.0,28610.0,0.9891609473643611,0.9870439045294672
596.0,28658.0,0.9891609473643611,0.9866326244324342
597.0,28706.0,0.9891609473643611,0.9868155643836974
598.0,28754.0,0.9891609473643611,0.9868448944474612
599.0,28802.0,0.9891609473643611,0.9872697502493086
600.0,28850.0,0.9891609473643611,0.986167889371456
601.0,28898.0,0.9891609473643611,0.9861322518865915
602.0,28946.0,0.9891609473643611,0.9861854218033526
603.0,28994.0,0.9891609473643611,0.9870924656894132
604.0,29042.0,0.9891609473643611,0.9872711324614067
605.0,29090.0,0.9891609473643611,0.9867979107963079
606.0,29138.0,0.9891609473643611,0.9865950516408128
607.0,29186.0,0.9891609473643611,0.9872187843983664
608.0,29234.0,0.9891609473643611,0.9863059323666163
609.0,29282.0,0.9891609473643611,0.9863506155439413
610.0,29330.0,0.9891609473643611,0.9860301212645323
611.0,29378.0,0.9891609473643611,0.9865828099143316
612.0,29426.0,0.9891609473643611,0.9865392670702953
613.0,29474.0,0.9891609473643611,0.9871033290210534
614.0,29522.0,0.9891609473643611,0.9868323482224187
615.0,29570.0,0.9891609473643611,0.9869266936220958
616.0,29618.0,0.9891701745727096,0.9867612251537524
617.0,29666.0,0.9891701745727096,0.9867139552194831
618.0,29714.0,0.9891701745727096,0.9872123339080409
619.0,29762.0,0.9891701745727096,0.9870986612328576
620.0,29810.0,0.9891701745727096,0.9872023730075312
621.0,29858.0,0.9891701745727096,0.9873976084880988
622.0,29906.0,0.9891701745727096,0.9863939686018199
623.0,29954.0,0.9891701745727096,0.9863207639032694
624.0,30002.0,0.9891701745727096,0.9868555610880071
625.0,30050.0,0.9891701745727096,0.9866476248958352
626.0,30098.0,0.9891821642505126,0.9871402859621553
627.0,30146.0,0.9891821642505126,0.9867965438120979
628.0,30194.0,0.9891821642505126,0.9870888154831096
629.0,30242.0,0.9891821642505126,0.9870478649024845
630.0,30290.0,0.9891821642505126,0.9864059883964741
631.0,30338.0,0.9891821642505126,0.9869064289838566
632.0,30386.0,0.9892413538994637,0.9867633718465061
633.0,30434.0,0.9892535888759442,0.9866559056398359
634.0,30482.0,0.9892535888759442,0.9864812485210179
635.0,30530.0,0.9892535888759442,0.9864618742544354
636.0,30578.0,0.9892535888759442,0.986681597918221
637.0,30626.0,0.9892535888759442,0.986555705666262
638.0,30674.0,0.9892535888759442,0.9867847001604233
639.0,30722.0,0.9892535888759442,0.9863384837975028
640.0,30770.0,0.9892535888759442,0.9868947602945372
641.0,30818.0,0.9893071566024777,0.9866488131748291
642.0,30866.0,0.9893071566024777,0.9869319585155628
643.0,30914.0,0.9893071566024777,0.9870710900944002
644.0,30962.0,0.9893071566024777,0.9871297618935408
645.0,31010.0,0.9893071566024777,0.9865395917037664
646.0,31058.0,0.9893071566024777,0.9860972859958457
647.0,31106.0,0.9893071566024777,0.9865101758160307
648.0,31154.0,0.9893071566024777,0.9870828568282609
649.0,31202.0,0.9893071566024777,0.987300315326479
650.0,31250.0,0.9893071566024777,0.9859636760114399
651.0,31298.0,0.9893071566024777,0.98627024183825
652.0,31346.0,0.9893071566024777,0.9866323061953983
653.0,31394.0,0.9893071566024777,0.9867224550427309
654.0,31442.0,0.9893071566024777,0.9861610937849551
655.0,31490.0,0.9893071566024777,0.9871040757265392
656.0,31538.0,0.9893071566024777,0.9861920655021444
657.0,31586.0,0.9893071566024777,0.9866019665317094
658.0,31634.0,0.9893071566024777,0.9870364720771397
659.0,31682.0,0.9893071566024777,0.9872162324180479
660.0,31730.0,0.9893071566024777,0.9869009411513665
661.0,31778.0,0.9893071566024777,0.9869167226503822
662.0,31826.0,0.9893071566024777,0.9871186845373178
663.0,31874.0,0.9893071566024777,0.9861835909420651
664.0,31922.0,0.9893071566024777,0.9861798767672073
665.0,31970.0,0.9893071566024777,0.98605452428111
666.0,32018.0,0.9893071566024777,0.9862689114830937
667.0,32066.0,0.9893071566024777,0.9868566340977192
668.0,32114.0,0.9893169821811917,0.986554993543345
669.0,32162.0,0.9893169821811917,0.9866621088648141
670.0,32210.0,0.9893169821811917,0.9856273351422761
671.0,32258.0,0.9893169821811917,0.986010991491984
672.0,32306.0,0.9893169821811917,0.9864903162458348
673.0,32354.0,0.9893180015704369,0.9864102793584537
674.0,32402.0,0.9893180015704369,0.9871269136842373
675.0,32450.0,0.9893266945516743,0.9865762311741193
676.0,32498.0,0.9893266945516743,0.986701058435261
677.0,32546.0,0.9893266945516743,0.9871922201009984
678.0,32594.0,0.9893266945516743,0.9859974463567994
679.0,32642.0,0.9893266945516743,0.9860851839726716
680.0,32690.0,0.9893266945516743,0.9869614190131449
681.0,32738.0,0.9893266945516743,0.987506458390043
682.0,32786.0,0.9893266945516743,0.9867985886176638
683.0,32834.0,0.9893266945516743,0.9867634003634415
684.0,32882.0,0.9893266945516743,0.9866967425476338
685.0,32930.0,0.9893266945516743,0.9865288241762596
686.0,32978.0,0.9893266945516743,0.986925845183524
687.0,33026.0,0.9893397518480055,0.98757256252822
688.0,33074.0,0.9893397518480055,0.9872000177369177
689.0,33122.0,0.9893397518480055,0.9873582998630123
690.0,33170.0,0.9893397518480055,0.9871535201838135
691.0,33218.0,0.9893397518480055,0.9870207285615138
692.0,33266.0,0.9893397518480055,0.9870450975529655
693.0,33314.0,0.9893397518480055,0.9863689722541228
694.0,33362.0,0.9893397518480055,0.9871388257387926
695.0,33410.0,0.9893397518480055,0.9872440742778957
696.0,33458.0,0.9893397518480055,0.9876817228858513
697.0,33506.0,0.9893397518480055,0.9873753114293882
698.0,33554.0,0.9893397518480055,0.9875719395774811
699.0,33602.0,0.9893397518480055,0.9871777540803948
700.0,33650.0,0.9893397518480055,0.9874996943346546
701.0,33698.0,0.9893397518480055,0.9872681067556945
702.0,33746.0,0.9893397518480055,0.9872796240088954
703.0,33794.0,0.9893397518480055,0.9875158934810756
704.0,33842.0,0.9893397518480055,0.9876820073983794
705.0,33890.0,0.9893397518480055,0.9871058477469815
706.0,33938.0,0.9893397518480055,0.9865339862418725
707.0,33986.0,0.9893397518480055,0.9864470920667613
708.0,34034.0,0.9893397518480055,0.9869201535250915
709.0,34082.0,0.9893397518480055,0.9859106297957453
710.0,34130.0,0.9893397518480055,0.9867286077984866
711.0,34178.0,0.9893397518480055,0.987258649130004
712.0,34226.0,0.9893397518480055,0.9868993065049816
713.0,34274.0,0.9893397518480055,0.9872534346460776
714.0,34322.0,0.9893397518480055,0.9870564144818949
715.0,34370.0,0.9893397518480055,0.9870369580369825
716.0,34418.0,0.9893397518480055,0.9872179116488994
717.0,34466.0,0.9893397518480055,0.9867515014464697
718.0,34514.0,0.9893397518480055,0.9863658297551839
719.0,34562.0,0.9893397518480055,0.9869969484212942
720.0,34610.0,0.9893397518480055,0.986069684299126
721.0,34658.0,0.9893397518480055,0.9861661115608226
722.0,34706.0,0.9893397518480055,0.986809115932003
723.0,34754.0,0.9893397518480055,0.9867937611505581
724.0,34802.0,0.9893446137062852,0.9860550982355301
725.0,34850.0,0.9893446137062852,0.9863129350694092
726.0,34898.0,0.9893534675995551,0.9868919821101274
727.0,34946.0,0.9893534675995551,0.9865438560021161
728.0,34994.0,0.9893534675995551,0.9868850788502109
729.0,35042.0,0.9893534675995551,0.9868028605315206
730.0,35090.0,0.9893534675995551,0.9868246031310138
731.0,35138.0,0.9893534675995551,0.987072695493355
732.0,35186.0,0.9893534675995551,0.987491633495867
733.0,35234.0,0.9893534675995551,0.9875589812398846
734.0,35282.0,0.9893534675995551,0.9873703802619903
735.0,35330.0,0.9893534675995551,0.9873159234262723
736.0,35378.0,0.9893534675995551,0.9866497366986959
737.0,35426.0,0.9893534675995551,0.986714176068916
738.0,35474.0,0.9893534675995551,0.987558625227071
739.0,35522.0,0.9893534675995551,0.9874093175425628
740.0,35570.0,0.9893534675995551,0.9867589274308234
741.0,35618.0,0.9893534773080599,0.9866965422734278
742.0,35666.0,0.9893534773080599,0.9866100168484002
743.0,35714.0,0.9893534773080599,0.9867163728595635
744.0,35762.0,0.9893534773080599,0.9875265994971693
745.0,35810.0,0.9893534773080599,0.9870487761857426
746.0,35858.0,0.9893534773080599,0.9871205138733408
747.0,35906.0,0.9893534773080599,0.9868884492613299
748.0,35954.0,0.9893534773080599,0.9871368093496983
749.0,36002.0,0.9893534773080599,0.9878336770637359
750.0,36050.0,0.9893612998716032,0.9871783895125793
751.0,36098.0,0.9893612998716032,0.9871537913326673
752.0,36146.0,0.9893612998716032,0.9875677482255503
753.0,36194.0,0.9893612998716032,0.9866013485203006
754.0,36242.0,0.9893612998716032,0.987045043195026
755.0,36290.0,0.9893698535427891,0.9877170591412893
756.0,36338.0,0.9893698535427891,0.9871526523090983
757.0,36386.0,0.9893698535427891,0.9863076614305797
758.0,36434.0,0.9893698535427891,0.9868452551037091
759.0,36482.0,0.989396885733876,0.9863468381851141
760.0,36530.0,0.989396885733876,0.9870432353706119
761.0,36578.0,0.989396885733876,0.9867808134914791
762.0,36626.0,0.989396885733876,0.9870581219646886
763.0,36674.0,0.989396885733876,0.9869666302088214
764.0,36722.0,0.989396885733876,0.9870924240396378
765.0,36770.0,0.989396885733876,0.987539630753711
766.0,36818.0,0.989396885733876,0.9873477259523272
767.0,36866.0,0.989396885733876,0.9871483681084046
768.0,36914.0,0.989396885733876,0.98695292431144
769.0,36962.0,0.989396885733876,0.9861616036026929
770.0,37010.0,0.989396885733876,0.9868918495141987
771.0,37058.0,0.989396885733876,0.9868002860530452
772.0,37106.0,0.989396885733876,0.9870233049287684
773.0,37154.0,0.989396885733876,0.9869089781109049
774.0,37202.0,0.989396885733876,0.9869641029417275
775.0,37250.0,0.989396885733876,0.9866401736886727
776.0,37298.0,0.9894076787768982,0.9869504584903077
777.0,37346.0,0.9894076787768982,0.9871044893851086
778.0,37394.0,0.9894076787768982,0.986462732039319
779.0,37442.0,0.9894076787768982,0.9865037431697039
780.0,37490.0,0.9894076787768982,0.9866195629384308
781.0,37538.0,0.9894076787768982,0.9867733110277558
782.0,37586.0,0.9894076787768982,0.9865764216695504
783.0,37634.0,0.9894076787768982,0.9869207503821054
784.0,37682.0,0.9894108372582753,0.9870514431250226
785.0,37730.0,0.9894108372582753,0.9872775056880697
786.0,37778.0,0.9894108372582753,0.9867024508305836
787.0,37826.0,0.9894108372582753,0.9868350212780085
788.0,37874.0,0.9894108787605481,0.9866944622975963
789.0,37922.0,0.9894108787605481,0.9871198511590734
790.0,37970.0,0.989430764007298,0.9869859340162404
791.0,38018.0,0.9894482156355434,0.9873589188776281
792.0,38066.0,0.9894482156355434,0.9874256404860788
793.0,38114.0,0.9894482156355434,0.9874147573608475
794.0,38162.0,0.9894482156355434,0.9869324116691577
795.0,38210.0,0.9894482156355434,0.9867207034043247
796.0,38258.0,0.9894482156355434,0.9870330611029198
797.0,38306.0,0.9894482156355434,0.9869726320118627
798.0,38354.0,0.9894482156355434,0.9864892570026349
799.0,38402.0,0.9894482156355434,0.9869807102643664
800.0,38450.0,0.9894482156355434,0.9868688617704815
801.0,38498.0,0.9894482156355434,0.9867347836800132
802.0,38546.0,0.9894482156355434,0.9873060144392615
803.0,38594.0,0.9894482156355434,0.9865270878436521
804.0,38642.0,0.9894583188119229,0.9870968567348265
805.0,38690.0,0.9894583188119229,0.9870143528392529
806.0,38738.0,0.9894583188119229,0.9873034300868292
807.0,38786.0,0.9894583188119229,0.9867261767848649
808.0,38834.0,0.9894583188119229,0.9865973974466691
809.0,38882.0,0.9894583188119229,0.9862917132859976
810.0,38930.0,0.9894583188119229,0.9862751884719478
811.0,38978.0,0.9894583188119229,0.9869968004627903
812.0,39026.0,0.9894583188119229,0.9860978814917672
813.0,39074.0,0.9894587315799643,0.9866806168258536
814.0,39122.0,0.9894587315799643,0.986179551596538
815.0,39170.0,0.9894587315799643,0.9868105678364719
816.0,39218.0,0.9894587315799643,0.9869617058598186
817.0,39266.0,0.9894587315799643,0.986854880031286
818.0,39314.0,0.9894587315799643,0.987228368493833
819.0,39362.0,0.9894587315799643,0.9867813705911211
820.0,39410.0,0.9894587315799643,0.9867875075670232
821.0,39458.0,0.9894587315799643,0.9868753078041561
822.0,39506.0,0.9894587315799643,0.986744965829923
823.0,39554.0,0.9894587315799643,0.9872149051409771
824.0,39602.0,0.9894587315799643,0.9867763452701379
825.0,39650.0,0.9894587843934874,0.9865063501476786
826.0,39698.0,0.9894588380599634,0.9869411311788654
827.0,39746.0,0.9894588380599634,0.987607128210253
828.0,39794.0,0.9894588380599634,0.9871995080299001
829.0,39842.0,0.9894722542668524,0.9868368920002077
830.0,39890.0,0.9894722542668524,0.986815119270677
831.0,39938.0,0.9894722542668524,0.9869676616972961
832.0,39986.0,0.9894722542668524,0.9868410662009088
833.0,40034.0,0.9894722542668524,0.9867296677966416
834.0,40082.0,0.9894722542668524,0.9866027803881433
835.0,40130.0,0.9894722542668524,0.9860248521901813
836.0,40178.0,0.9894722542668524,0.9870164377837034
837.0,40226.0,0.9894833890902404,0.9872256468737263
838.0,40274.0,0.9894833890902404,0.9866588604462314
839.0,40322.0,0.9894833890902404,0.9869340226339495
840.0,40370.0,0.9894833890902404,0.9869036547121373
841.0,40418.0,0.9894833890902404,0.9876003754732602
842.0,40466.0,0.9894833890902404,0.9874011844262894
843.0,40514.0,0.9894833890902404,0.9862690317560504
844.0,40562.0,0.9894833890902404,0.9870266350305382
845.0,40610.0,0.9894833890902404,0.9869322532473174
846.0,40658.0,0.9894833890902404,0.9867335708347303
847.0,40706.0,0.9894833890902404,0.9869309042488922
848.0,40754.0,0.9894833890902404,0.9867536216135625
849.0,40802.0,0.9894833890902404,0.986802856610779
850.0,40850.0,0.9894833890902404,0.9865321409061255
851.0,40898.0,0.9894833890902404,0.9865960480224928
852.0,40946.0,0.9894833890902404,0.9866190806823997
853.0,40994.0,0.9894833890902404,0.9872432260836116
854.0,41042.0,0.9894833890902404,0.9862525346859597
855.0,41090.0,0.9894833890902404,0.9866417486741074
856.0,41138.0,0.9894833890902404,0.9869554179961321
857.0,41186.0,0.9894833890902404,0.9864662220180108
858.0,41234.0,0.9894833890902404,0.9873836008497849
859.0,41282.0,0.9894833890902404,0.9872417195524656
860.0,41330.0,0.9894833890902404,0.9869276291733522
861.0,41378.0,0.9894833890902404,0.9871854132499306
862.0,41426.0,0.9894833890902404,0.9873533787970663
863.0,41474.0,0.9894833890902404,0.9876374785747454
864.0,41522.0,0.9894833890902404,0.9872084650562617
865.0,41570.0,0.9894833890902404,0.9867084063564843
866.0,41618.0,0.9896081726871266,0.9873017112420612
867.0,41666.0,0.9896081726871266,0.9881181850309477
868.0,41714.0,0.9896081726871266,0.987888841429007
869.0,41762.0,0.9896081726871266,0.9879701971460549
870.0,41810.0,0.9896081726871266,0.9872124603395327
871.0,41858.0,0.9896081726871266,0.9862591785513339
872.0,41906.0,0.9896081726871266,0.9866171715385192
873.0,41954.0,0.9896081726871266,0.9872998397351606
874.0,42002.0,0.9896081726871266,0.9872531271433812
875.0,42050.0,0.9896081726871266,0.9874443780002048
876.0,42098.0,0.9896081726871266,0.9863604539903235
877.0,42146.0,0.9896081726871266,0.9863015160353149
878.0,42194.0,0.9896081726871266,0.9870847479568354
879.0,42242.0,0.9896081726871266,0.9872790050307507
880.0,42290.0,0.9896081726871266,0.9865640274559843
881.0,42338.0,0.9896081726871266,0.9869162204764507
882.0,42386.0,0.9896081726871266,0.9870114234551934
883.0,42434.0,0.9896081726871266,0.9867400491721895
884.0,42482.0,0.9896081726871266,0.9868908456642679
885.0,42530.0,0.9896081726871266,0.9869856609673492
886.0,42578.0,0.9896083014104237,0.9871765323104935
887.0,42626.0,0.9896083014104237,0.9868115496928325
888.0,42674.0,0.9896083014104237,0.9868391634204827
889.0,42722.0,0.9896083014104237,0.9870997346758286
890.0,42770.0,0.9896083014104237,0.9875803775395167
891.0,42818.0,0.9896083014104237,0.9871393535916491
892.0,42866.0,0.9896083014104237,0.9873710018257492
893.0,42914.0,0.9896083014104237,0.9872967610539674
894.0,42962.0,0.9896083014104237,0.987265425505359
895.0,43010.0,0.9896083014104237,0.9873997698694423
896.0,43058.0,0.9896245076739749,0.9878812926701127
897.0,43106.0,0.9896245076739749,0.9877150187612378
898.0,43154.0,0.9896245076739749,0.987713960900904
899.0,43202.0,0.9896245076739749,0.9882346206509092
900.0,43250.0,0.9896245076739749,0.9874752040687415
901.0,43298.0,0.9896245076739749,0.9876321624109731
902.0,43346.0,0.9896245076739749,0.9868356938565823
903.0,43394.0,0.9896245076739749,0.9868867287660084
904.0,43442.0,0.9896245076739749,0.9869310583788067
905.0,43490.0,0.9896245076739749,0.9865564868043022
906.0,43538.0,0.9896245076739749,0.9876555037425616
907.0,43586.0,0.9896245076739749,0.9862600870771024
908.0,43634.0,0.9896245076739749,0.9872416416810893
909.0,43682.0,0.9896245076739749,0.9872590116474254
910.0,43730.0,0.9896245076739749,0.987973887097933
911.0,43778.0,0.9896246026647098,0.9876010497197251
912.0,43826.0,0.9896246026647098,0.9870521855959844
913.0,43874.0,0.9896361957729272,0.9875910605939042
914.0,43922.0,0.9896361957729272,0.9871805819505483
915.0,43970.0,0.9896361957729272,0.9878191478740015
916.0,44018.0,0.9896361957729272,0.9881752079753862
917.0,44066.0,0.9896361957729272,0.9877847478002777
918.0,44114.0,0.9896361957729272,0.9875389234416745
919.0,44162.0,0.9896427723475401,0.9873195980670403
920.0,44210.0,0.9896427723475401,0.986980722697082
921.0,44258.0,0.9896427723475401,0.9859334067014366
922.0,44306.0,0.9896427723475401,0.9865744347141354
923.0,44354.0,0.9896427723475401,0.9868256031231718
924.0,44402.0,0.9896427723475401,0.9870291053244551
925.0,44450.0,0.9896427723475401,0.9871468737290684
926.0,44498.0,0.9896427723475401,0.9871543651706919
927.0,44546.0,0.9896427723475401,0.9874868852797022
928.0,44594.0,0.9896427723475401,0.9878259378192104
929.0,44642.0,0.9896427723475401,0.9873247839178777
930.0,44690.0,0.9896427723475401,0.9871936622019976
931.0,44738.0,0.9896427723475401,0.9865436611560335
932.0,44786.0,0.9896427723475401,0.9872331997424739
933.0,44834.0,0.9896427723475401,0.9868812099169064
934.0,44882.0,0.9896427723475401,0.9871088475713431
935.0,44930.0,0.9896427723475401,0.986699444633033
936.0,44978.0,0.9896427723475401,0.9869675142286418
937.0,45026.0,0.9896427723475401,0.986871872520517
938.0,45074.0,0.9896427723475401,0.9862549484038297
939.0,45122.0,0.9896521332672786,0.9872657631188383
940.0,45170.0,0.9896521332672786,0.9873056385867283
941.0,45218.0,0.9896521332672786,0.9872689610494981
942.0,45266.0,0.9896525550497802,0.9870184389419444
943.0,45314.0,0.9896616083618305,0.987154782399696
944.0,45362.0,0.9896616083618305,0.9877097633026289
945.0,45410.0,0.9896616083618305,0.9873440867892842
946.0,45458.0,0.9896616083618305,0.9873225537744021
947.0,45506.0,0.989684302111688,0.9868007775716002
948.0,45554.0,0.989684302111688,0.9867087224353261
949.0,45602.0,0.989684302111688,0.9866889563180821
950.0,45650.0,0.989684302111688,0.986167955696595
951.0,45698.0,0.989684302111688,0.9876549113950017
952.0,45746.0,0.9897761863542471,0.9873731883170778
953.0,45794.0,0.9897761863542471,0.9873347978456044
954.0,45842.0,0.9897761863542471,0.9866537277693009
955.0,45890.0,0.9897886585497933,0.9871353281510793
956.0,45938.0,0.9897886585497933,0.9870139892782908
957.0,45986.0,0.9897886585497933,0.986205598844052
958.0,46034.0,0.9897886585497933,0.9870925211593529
959.0,46082.0,0.9897886585497933,0.9867198990417677
960.0,46130.0,0.9897886585497933,0.9873568077047022
961.0,46178.0,0.9897886585497933,0.9869948569184817
962.0,46226.0,0.9897886585497933,0.9865014032374319
963.0,46274.0,0.9897886585497933,0.986521448612609
964.0,46322.0,0.9897886585497933,0.987028078389836
965.0,46370.0,0.9897886585497933,0.9871448063517758
966.0,46418.0,0.9897886585497933,0.9875699151306071
967.0,46466.0,0.9897886585497933,0.9878930688597132
968.0,46514.0,0.9897886585497933,0.987023001613262
969.0,46562.0,0.9897886585497933,0.9873806142665689
970.0,46610.0,0.9898494461300483,0.9877582294248599
971.0,46658.0,0.9898494461300483,0.9876695795741006
972.0,46706.0,0.9898494461300483,0.9867321483098255
973.0,46754.0,0.9898494461300483,0.9871579907389281
974.0,46802.0,0.9898494461300483,0.9876834910915138
975.0,46850.0,0.9898494461300483,0.9869988439608364
976.0,46898.0,0.9898494461300483,0.9871805496049088
977.0,46946.0,0.9898494461300483,0.9868596425721424
978.0,46994.0,0.9898494461300483,0.9866529207318302
979.0,47042.0,0.9898494461300483,0.9871527478642338
980.0,47090.0,0.9898494461300483,0.9868697112224476
981.0,47138.0,0.9898494461300483,0.9868938933613417
982.0,47186.0,0.9898494461300483,0.9861769954198192
983.0,47234.0,0.9898494461300483,0.9863507952015467
984.0,47282.0,0.9898494461300483,0.9865849813457973
985.0,47330.0,0.9898494461300483,0.9853402509269289
986.0,47378.0,0.9898494461300483,0.986457689111747
987.0,47426.0,0.9898494461300483,0.986780060014972
988.0,47474.0,0.9898494461300483,0.9871007202656498
989.0,47522.0,0.9898494461300483,0.9867696407807682
990.0,47570.0,0.9898494461300483,0.9874508747615914
991.0,47618.0,0.9898494461300483,0.9876559602103799
992.0,47666.0,0.9898494461300483,0.9871620140839241
993.0,47714.0,0.9898494461300483,0.9881969496665275
994.0,47762.0,0.9898494461300483,0.9873487947513593
995.0,47810.0,0.9898494461300483,0.9871881169963799
996.0,47858.0,0.9898494461300483,0.9877996962824236
997.0,47906.0,0.9898494461300483,0.9876144176501417
998.0,47954.0,0.9898494461300483,0.9876250518004119
999.0,48002.0,0.9898494461300483,0.9876320711557911
1000.0,48050.0,0.9898494461300483,0.9868878385005934
1001.0,48098.0,0.9898494461300483,0.9877976209393832
1002.0,48146.0,0.9898494461300483,0.987795043100082
1003.0,48194.0,0.9898494461300483,0.9875624175406392
1004.0,48242.0,0.9898654423102717,0.9875765248374919
1005.0,48290.0,0.9898654423102717,0.9873076345568396
1006.0,48338.0,0.9898654423102717,0.9876088489017206
1007.0,48386.0,0.9898654423102717,0.9876622420209611
1008.0,48434.0,0.9899120495431498,0.9879382137943918
1009.0,48482.0,0.9899120495431498,0.9873867249184929
1010.0,48530.0,0.9899120495431498,0.9872816424565233
1011.0,48578.0,0.9899120495431498,0.9865401530881129
1012.0,48626.0,0.9899120495431498,0.9872421428229827
1013.0,48674.0,0.9899120495431498,0.9876700784722563
1014.0,48722.0,0.9899120723103979,0.9872471957431708
1015.0,48770.0,0.9899120723103979,0.9877647998247409
1016.0,48818.0,0.9899120723103979,0.9867984329981303
1017.0,48866.0,0.9899120723103979,0.9868046709664838
1018.0,48914.0,0.9899120723103979,0.9865153684674155
1019.0,48962.0,0.9899120723103979,0.9855031658396709
1020.0,49010.0,0.9899342797610144,0.9873272560780205
1021.0,49058.0,0.9899342797610144,0.9873798295007429
1022.0,49106.0,0.9899342797610144,0.9878804848088251
1023.0,49154.0,0.9899342797610144,0.9871004428154108
1024.0,49202.0,0.9899342797610144,0.9875128261292742
1025.0,49250.0,0.9899342797610144,0.9872717426519896
1026.0,49298.0,0.9899342797610144,0.9870692577481168
1027.0,49346.0,0.9899342797610144,0.9875815134634566
1028.0,49394.0,0.9899342797610144,0.9876533919856131
1029.0,49442.0,0.9899342797610144,0.9873219268214612
1030.0,49490.0,0.9899342797610144,0.987298526709592
1031.0,49538.0,0.9899342797610144,0.9871984234124633
1032.0,49586.0,0.9899342797610144,0.9875489654021129
1033.0,49634.0,0.9899358352900894,0.9882849816928108
1034.0,49682.0,0.9899358352900894,0.9875961584348494
1035.0,49730.0,0.9899358352900894,0.9876452191871402
1036.0,49778.0,0.9899358352900894,0.9874489739516057
1037.0,49826.0,0.9899358352900894,0.9874387339693871
1038.0,49874.0,0.9899358352900894,0.9880180241163359
1039.0,49922.0,0.9899590694843676,0.9873386297387517
1040.0,49970.0,0.9899590694843676,0.9874269398502911
