Generacion,Evaluaciones,Fitness_Promedio,Fitness_Std
0.0,50.0,0.8497191391265517,0.007175262265982867
1.0,98.0,0.8576365598020453,0.005331574136506378
2.0,146.0,0.86079676579597,0.004824719685695192
3.0,194.0,0.8653092905556935,0.004241093745162228
4.0,242.0,0.8712447740414196,0.0054476062777396575
5.0,290.0,0.877636385464502,0.0009289801693003336
6.0,338.0,0.8815700849906982,0.0033177230496347554
7.0,386.0,0.8840477497989468,0.0037150374948730367
8.0,434.0,0.8894049207133514,0.0010638615574515647
9.0,482.0,0.892378670191864,0.000253089248770562
10.0,530.0,0.8948332899459641,0.0008606716088638441
11.0,578.0,0.8982393245896727,0.0021886575605589175
12.0,626.0,0.9002811123323149,0.002054768638607368
13.0,674.0,0.9024559640588459,0.0029471099013696628
14.0,722.0,0.9049712302050177,0.0026119146225010437
15.0,770.0,0.9057600509326011,0.002177559822224133
16.0,818.0,0.9080937076246016,0.0009156240875463505
17.0,866.0,0.9100477383202573,0.0016586213397892517
18.0,914.0,0.9112183992648408,0.0018528159354109916
19.0,962.0,0.9127296364936214,0.0026593536526030477
20.0,1010.0,0.914581759808357,0.0023945875626834685
21.0,1058.0,0.915247353275779,0.002135005719481274
22.0,1106.0,0.9165781249282121,0.002264268592727977
23.0,1154.0,0.9180204409796584,0.002650880287713015
24.0,1202.0,0.9193029778640632,0.0028016699667089617
25.0,1250.0,0.9205479883420029,0.0030193374515459733
26.0,1298.0,0.9217948000859119,0.002459905495082484
27.0,1346.0,0.9227439697928705,0.0027499914937471792
28.0,1394.0,0.9240527170644477,0.0026484909833982303
29.0,1442.0,0.9249166890587729,0.003223846236232182
30.0,1490.0,0.9261733259161712,0.0027497218018302334
31.0,1538.0,0.927356882541773,0.0033974376317903567
32.0,1586.0,0.9281839478735581,0.0030696946661897466
33.0,1634.0,0.9292816597995774,0.0028785826748782073
34.0,1682.0,0.9311753680426962,0.0036136221028198598
35.0,1730.0,0.9322116019392039,0.0032936950994169475
36.0,1778.0,0.9329228994575018,0.0032318115162003297
37.0,1826.0,0.9336862373659274,0.003065894764990926
38.0,1874.0,0.9348619481425263,0.003416796247050706
39.0,1922.0,0.935968365859047,0.0033284395339607713
40.0,1970.0,0.9371959572216259,0.0026405743464845075
41.0,2018.0,0.9377953249184141,0.0029908241238509998
42.0,2066.0,0.9384769804828347,0.0028590820479029856
43.0,2114.0,0.9393180798589302,0.003290424406412965
44.0,2162.0,0.9401002724799643,0.0034259548513072362
45.0,2210.0,0.9410556779220027,0.003686626264924238
46.0,2258.0,0.9421179863570133,0.003241869085007701
47.0,2306.0,0.9425315359412695,0.00342226309787441
48.0,2354.0,0.9437589970328932,0.00375027383446891
49.0,2402.0,0.9450704385879977,0.0033465736637030507
50.0,2450.0,0.9453693576500928,0.003587172146287372
51.0,2498.0,0.9458961606320996,0.0033107088526880698
52.0,2546.0,0.9468205877483344,0.0034893886266948934
53.0,2594.0,0.9474772361430581,0.003303052876182296
54.0,2642.0,0.9481487588764399,0.002952343880343375
55.0,2690.0,0.9488867903918414,0.0022179266798457134
56.0,2738.0,0.9498492377604825,0.002730121055662864
57.0,2786.0,0.9503633256344137,0.002708937749984258
58.0,2834.0,0.9510160314956583,0.002669987694000885
59.0,2882.0,0.951761647653108,0.002658034150630762
60.0,2930.0,0.9524399072310828,0.0025372028833311527
61.0,2978.0,0.9530933382994846,0.0024383289844489174
62.0,3026.0,0.9539994071988671,0.002559143841236448
63.0,3074.0,0.9542820163113689,0.002425374206884418
64.0,3122.0,0.9550263739820795,0.002806060405555718
65.0,3170.0,0.9556276251709948,0.0025106035791091076
66.0,3218.0,0.9563501377821388,0.0025912511417453834
67.0,3266.0,0.956801278914791,0.0026642257210365565
68.0,3314.0,0.9574441686114389,0.0024660883862996164
69.0,3362.0,0.9578855281838987,0.002408296687777578
70.0,3410.0,0.9585222891489055,0.0025652797150941794
71.0,3458.0,0.9588588924958754,0.002517255509570072
72.0,3506.0,0.95948658895453,0.0019481011878724498
73.0,3554.0,0.9598936548665365,0.002250234001876631
74.0,3602.0,0.9606372456048169,0.0020208866684666427
75.0,3650.0,0.9609285128711758,0.002082566072530051
76.0,3698.0,0.9614342748589386,0.0017862360022783959
77.0,3746.0,0.9619120668788266,0.0020353334788923414
78.0,3794.0,0.9621718653813078,0.0017707568340304756
79.0,3842.0,0.962777545811867,0.001452991906514708
80.0,3890.0,0.9633036224363993,0.0014835730582863462
81.0,3938.0,0.9636285044552994,0.0015890948824840941
82.0,3986.0,0.9641463773074122,0.0016177363572683252
83.0,4034.0,0.9645360385063002,0.0018237502067887331
84.0,4082.0,0.9649985335964144,0.0017598901278948278
85.0,4130.0,0.9653855008961001,0.00198100152384868
86.0,4178.0,0.965886918288563,0.002057147103198158
87.0,4226.0,0.9663238917350734,0.002166780420844751
88.0,4274.0,0.9667368922523041,0.0021152317179172005
89.0,4322.0,0.9672061981523484,0.0023234283570760547
90.0,4370.0,0.9677045214190446,0.001972850182180497
91.0,4418.0,0.9681745991816049,0.0022343050721792043
92.0,4466.0,0.968671383204342,0.0020309886554843626
93.0,4514.0,0.9688343745807334,0.0019997486410806187
94.0,4562.0,0.9691528821493204,0.002388211756559305
95.0,4610.0,0.9696884637831392,0.0022244498491956833
96.0,4658.0,0.9699752543731748,0.002150795962930263
97.0,4706.0,0.9702164006889085,0.0021675049043640452
98.0,4754.0,0.970905571272383,0.002374473691329521
99.0,4802.0,0.9711799613334726,0.002157647035054174
100.0,4850.0,0.9714186124547408,0.0023135954307992117
101.0,4898.0,0.9717605653615878,0.002206278737720246
102.0,4946.0,0.9722476858748641,0.0021639169410035703
103.0,4994.0,0.9726715111007497,0.001991263024874875
104.0,5042.0,0.9728960102673334,0.002160022613565893
105.0,5090.0,0.9730240699879413,0.002034484915096353
106.0,5138.0,0.9732985775757941,0.0018452317021978486
107.0,5186.0,0.9734818629932119,0.0020550536430164906
108.0,5234.0,0.9736496534809221,0.002107537915848121
109.0,5282.0,0.9737238423636644,0.0020468960087397393
110.0,5330.0,0.9738823092907719,0.0020488524308905323
111.0,5378.0,0.9742077271689931,0.0018764390370557451
112.0,5426.0,0.9745270676684029,0.0018586840777993442
113.0,5474.0,0.9748450272035043,0.0018235015332302889
114.0,5522.0,0.9749897818120881,0.0016727484931999919
115.0,5570.0,0.9750193048735138,0.0016708910480410736
116.0,5618.0,0.9752792214228189,0.00144217038228488
117.0,5666.0,0.9757009166135374,0.001501423605818258
118.0,5714.0,0.9757062167901627,0.0014950099642773945
119.0,5762.0,0.9757141938481751,0.0015043157694573407
120.0,5810.0,0.9761078233545764,0.001323354123009601
121.0,5858.0,0.9761982244849318,0.0014817818729732496
122.0,5906.0,0.9763596202667293,0.001437070148621764
123.0,5954.0,0.9766445857344896,0.0013527052588021063
124.0,6002.0,0.9768680606666882,0.0013137385451870982
125.0,6050.0,0.977137529080534,0.0011685085318876747
126.0,6098.0,0.9775267636320828,0.0013162135529068515
127.0,6146.0,0.9775661643266306,0.0012955437696044868
128.0,6194.0,0.9779378984843701,0.0011104993396893294
129.0,6242.0,0.978029339647607,0.0012360584222421967
130.0,6290.0,0.9783702865134819,0.0012036559932711872
131.0,6338.0,0.9785940481750621,0.0011186232200287782
132.0,6386.0,0.9787539607286897,0.0010895210430707171
133.0,6434.0,0.9788002048146469,0.0010192257685070248
134.0,6482.0,0.9791333498181778,0.0012029841765781176
135.0,6530.0,0.9792909635373878,0.001105445361021352
136.0,6578.0,0.9796242907166158,0.0012985566056915004
137.0,6626.0,0.9796844603302736,0.001389716810463902
138.0,6674.0,0.9796868600078674,0.001386113909787825
139.0,6722.0,0.9797904229838428,0.0014214977484219037
140.0,6770.0,0.9799411439965814,0.0012654701541718106
141.0,6818.0,0.9800686284056978,0.0014461881007351775
142.0,6866.0,0.980248788980191,0.001549199957012797
143.0,6914.0,0.9802570479660908,0.0015373521161164984
144.0,6962.0,0.9804875739918784,0.001681105293415798
145.0,7010.0,0.9805440726899025,0.0016477641524068488
146.0,7058.0,0.9807172928212043,0.0016512320990752292
147.0,7106.0,0.9808392087348269,0.0015065988774946868
148.0,7154.0,0.9809688757590982,0.0017049431315297532
149.0,7202.0,0.9810463649922101,0.001660365463293821
150.0,7250.0,0.9812012742147171,0.0016868526971359744
151.0,7298.0,0.9812164007832329,0.0016676946045838341
152.0,7346.0,0.9812924480467473,0.001739204067425069
153.0,7394.0,0.9813795335706959,0.0016883989723235316
154.0,7442.0,0.9814468793670512,0.0017392855010282488
155.0,7490.0,0.9815690720218244,0.0017204507111190218
156.0,7538.0,0.9817404839649019,0.0015637521229380457
157.0,7586.0,0.9817507438351086,0.0015607860787572405
158.0,7634.0,0.9818390108981874,0.0015950387500409174
159.0,7682.0,0.9818921669679211,0.0015771128500000795
160.0,7730.0,0.9819567327141085,0.0015300085599649741
161.0,7778.0,0.9819814922491099,0.0015141401108477038
162.0,7826.0,0.9820432672033107,0.0014963994832370988
163.0,7874.0,0.9821271270673639,0.0015445686325710403
164.0,7922.0,0.9821444463231433,0.0015254524133162136
165.0,7970.0,0.9822353839042635,0.0014945154442476257
166.0,8018.0,0.9823736729239873,0.0013703687118800092
167.0,8066.0,0.9825487409703406,0.0012155869644006848
168.0,8114.0,0.982642297838912,0.0012788397392210675
169.0,8162.0,0.982642297838912,0.0012788397392210675
170.0,8210.0,0.9826596141610674,0.0012773921158092606
171.0,8258.0,0.982690690840746,0.0013064744388021356
172.0,8306.0,0.982690690840746,0.0013064744388021356
173.0,8354.0,0.9828060763142311,0.001267208850542413
174.0,8402.0,0.9829455476581541,0.0012675475862474381
175.0,8450.0,0.9829750121090302,0.001304650569646092
176.0,8498.0,0.9830328249588707,0.0013336525701662138
177.0,8546.0,0.9830371004847768,0.0013320097729123531
178.0,8594.0,0.9831025153632318,0.0013078978912229593
179.0,8642.0,0.9832996653690712,0.0010639430016637116
180.0,8690.0,0.9833589982057648,0.0010622263760660172
181.0,8738.0,0.9834173447379365,0.0010962521698277246
182.0,8786.0,0.9835352830529127,0.0011128511082624378
183.0,8834.0,0.9835544779604064,0.0010872375089079733
184.0,8882.0,0.9836275023911505,0.0011662594972401208
185.0,8930.0,0.983633709857107,0.00115830682674822
186.0,8978.0,0.9837788743112329,0.001097009375004633
187.0,9026.0,0.9837819621673493,0.001099795036142796
188.0,9074.0,0.98384397413084,0.001134904519994969
189.0,9122.0,0.9839086971027123,0.0011665903476957551
190.0,9170.0,0.9839529180960358,0.0011796862246493153
191.0,9218.0,0.9839716023611714,0.0011602531942361707
192.0,9266.0,0.984229153852791,0.0014388017023640105
193.0,9314.0,0.9842671491902355,0.0013913800960894812
194.0,9362.0,0.9842977954090971,0.0014139590330112847
195.0,9410.0,0.9842998787935887,0.0014112859328511648
196.0,9458.0,0.9843280333308895,0.0013761998011402267
197.0,9506.0,0.9843482108199781,0.0013522981338414178
198.0,9554.0,0.9843817168247069,0.0013150699992185678
199.0,9602.0,0.9844352682361656,0.0013283468872538088
200.0,9650.0,0.9845083731902541,0.0014452801516854083
201.0,9698.0,0.9845968198858197,0.0013466758049402268
202.0,9746.0,0.9845968198858197,0.0013466758049402268
203.0,9794.0,0.9846160594753093,0.0013281660552961429
204.0,9842.0,0.9847202925970648,0.0014093427348273744
205.0,9890.0,0.9847391842135819,0.0013915138252001966
206.0,9938.0,0.9847550618467619,0.0013773531274576506
207.0,9986.0,0.984777391933018,0.0014161082549129487
208.0,10034.0,0.9847907713934321,0.0014106865669832993
209.0,10082.0,0.9848064130229629,0.001413751972873602
210.0,10130.0,0.9849140611396635,0.0013836115612129308
211.0,10178.0,0.9849342479230678,0.001390605854263865
212.0,10226.0,0.9849646635914739,0.0013762987970083334
213.0,10274.0,0.9849665238293047,0.0013731714226207655
214.0,10322.0,0.9850249331261921,0.0014569229640560939
215.0,10370.0,0.9850553460523173,0.0014653764391857388
216.0,10418.0,0.9850766606516549,0.001475149766080169
217.0,10466.0,0.9851342997439726,0.0014916266562977037
218.0,10514.0,0.9852062891549538,0.0014473069160083956
219.0,10562.0,0.9852335547120321,0.0014632276614014801
220.0,10610.0,0.985296627449808,0.0014680522366156972
221.0,10658.0,0.9853348352262913,0.0014531541022079122
222.0,10706.0,0.9853348352262913,0.0014531541022079122
223.0,10754.0,0.9853555182995294,0.0014587685427143182
224.0,10802.0,0.9854051197551943,0.0014523462962904613
225.0,10850.0,0.9854291374864026,0.0014596863414766807
226.0,10898.0,0.9854291374864026,0.0014596863414766807
227.0,10946.0,0.9854588160537844,0.0015043890568439823
228.0,10994.0,0.9854830356941591,0.0014841378731289669
229.0,11042.0,0.9855144802389463,0.0014604251959796435
230.0,11090.0,0.9855144802389463,0.0014604251959796435
231.0,11138.0,0.9855705458440079,0.0015019044903962658
232.0,11186.0,0.9855745633848982,0.001507955252642459
233.0,11234.0,0.9856113435481235,0.0015336021890948216
234.0,11282.0,0.9856389346165646,0.0015035127748887886
235.0,11330.0,0.9856560275032267,0.00152875374942006
236.0,11378.0,0.9856560275032267,0.00152875374942006
237.0,11426.0,0.9856788305211056,0.0015458644012765579
238.0,11474.0,0.985697064535566,0.001515507914440388
239.0,11522.0,0.9857081081002796,0.001506501526001292
240.0,11570.0,0.9857081081002796,0.001506501526001292
241.0,11618.0,0.9857372198386394,0.0015108560395268877
242.0,11666.0,0.9857769867537796,0.001544916070976341
243.0,11714.0,0.9857975702653119,0.0015294230901834785
244.0,11762.0,0.9857975702653119,0.0015294230901834785
245.0,11810.0,0.985808218999902,0.0015214243875860533
246.0,11858.0,0.9858816948373759,0.0014780695407178549
247.0,11906.0,0.9858816948373759,0.0014780695407178549
248.0,11954.0,0.9858816948373759,0.0014780695407178549
249.0,12002.0,0.9858816948373759,0.0014780695407178549
250.0,12050.0,0.9858816948373759,0.0014780695407178549
251.0,12098.0,0.9859538517705477,0.001511700592605781
252.0,12146.0,0.9859708415007418,0.0015348987025545298
253.0,12194.0,0.9859863982832422,0.0015416932833778143
254.0,12242.0,0.9859976742722942,0.0015208076140719202
255.0,12290.0,0.986007638962748,0.0015345951549799043
256.0,12338.0,0.9860191199473147,0.0015403933842589798
257.0,12386.0,0.9860191199473147,0.0015403933842589798
258.0,12434.0,0.9860659029296972,0.0015706797454343288
259.0,12482.0,0.9860821208808271,0.0015411526904106274
260.0,12530.0,0.9861057594117305,0.0015417851463310043
261.0,12578.0,0.9861139807524626,0.001536223006456461
262.0,12626.0,0.9861520464506187,0.0015439825516400589
263.0,12674.0,0.9861520464506187,0.0015439825516400589
264.0,12722.0,0.9861672409745879,0.00154465882926837
265.0,12770.0,0.9861832859202124,0.0015676026202510965
266.0,12818.0,0.986219183055098,0.0015874134585400742
267.0,12866.0,0.9862309717445363,0.0015657941314892122
268.0,12914.0,0.9862342815059989,0.0015637796014603027
269.0,12962.0,0.9862342815059989,0.0015637796014603027
270.0,13010.0,0.9862812120439495,0.0014831892002695939
271.0,13058.0,0.9862933511311581,0.0014788309528052312
272.0,13106.0,0.9863159525349783,0.0014383327802231637
273.0,13154.0,0.9863223170557609,0.0014477085877646395
274.0,13202.0,0.9863739385315755,0.0014299243316387173
275.0,13250.0,0.986375768618543,0.001430621686108529
276.0,13298.0,0.9864238096947302,0.0015030848858211935
277.0,13346.0,0.9864238096947302,0.0015030848858211935
278.0,13394.0,0.9864238096947302,0.0015030848858211935
279.0,13442.0,0.9864238096947302,0.0015030848858211935
280.0,13490.0,0.9864238096947302,0.0015030848858211935
281.0,13538.0,0.9864238096947302,0.0015030848858211935
282.0,13586.0,0.9864238096947302,0.0015030848858211935
283.0,13634.0,0.986460386542278,0.0015172461463259553
284.0,13682.0,0.9864919717391094,0.001524790768003871
285.0,13730.0,0.9864919717391094,0.001524790768003871
286.0,13778.0,0.986498515460595,0.0015265950970909895
287.0,13826.0,0.9865017701098975,0.0015313789799189543
288.0,13874.0,0.9865220319709136,0.0015208577979980132
289.0,13922.0,0.9865455973313745,0.0014775414665214419
290.0,13970.0,0.9865555778396166,0.0014724917000044349
291.0,14018.0,0.9865555778396166,0.0014724917000044349
292.0,14066.0,0.9866111440581665,0.0015103292747020375
293.0,14114.0,0.986611472719215,0.001509724651295344
294.0,14162.0,0.9866779040998255,0.0014147946744856373
295.0,14210.0,0.9866779040998255,0.0014147946744856373
296.0,14258.0,0.986707024602046,0.0014178693779634778
297.0,14306.0,0.9867092033395896,0.0014209460783457712
298.0,14354.0,0.9867353229333015,0.0013804343175259403
299.0,14402.0,0.9867402148648019,0.0013875139061888852
300.0,14450.0,0.9867402148648019,0.0013875139061888852
301.0,14498.0,0.9867438767050347,0.0013903337911430366
302.0,14546.0,0.9867636403025546,0.0014073611697969339
303.0,14594.0,0.9867636518798697,0.0014073624680849663
304.0,14642.0,0.9868219328793449,0.0013461570404265585
305.0,14690.0,0.9868332466124361,0.0013266309653639644
306.0,14738.0,0.9868346206491834,0.0013257562738655925
307.0,14786.0,0.9868529455908763,0.0013147218286228728
308.0,14834.0,0.9869213033264925,0.0012849900815291673
309.0,14882.0,0.9869313814061588,0.0012880693213406427
310.0,14930.0,0.9869313814061588,0.0012880693213406427
311.0,14978.0,0.9869400233431935,0.0013007401472080063
312.0,15026.0,0.9869477717406928,0.0013122387948770308
313.0,15074.0,0.9869549791118409,0.0012989717819599097
314.0,15122.0,0.9869984731480315,0.0012952432538094513
315.0,15170.0,0.9870037750585137,0.0012950042896477435
316.0,15218.0,0.987017219758372,0.0013028947314513803
317.0,15266.0,0.9870191758092656,0.0013057362682438619
318.0,15314.0,0.9870191758092656,0.0013057362682438619
319.0,15362.0,0.9870194184902081,0.0013060893988513095
320.0,15410.0,0.9870219096315885,0.0013060119046578783
321.0,15458.0,0.9870219096315885,0.0013060119046578783
322.0,15506.0,0.987041809791025,0.001321820586979692
323.0,15554.0,0.9870676147455484,0.0013111970067742295
324.0,15602.0,0.9870707082983629,0.00131084294818255
325.0,15650.0,0.9870733099086195,0.0013110153882759036
326.0,15698.0,0.987105820803437,0.0012938109057854317
327.0,15746.0,0.9871120342801831,0.0012941575045538533
328.0,15794.0,0.9871204097473759,0.0012954691069632053
329.0,15842.0,0.9871404181399013,0.00129968993395236
330.0,15890.0,0.9871408696366519,0.0012999685133920729
331.0,15938.0,0.9871680932459788,0.0012525063081300592
332.0,15986.0,0.9871777349691552,0.0012663740590878356
333.0,16034.0,0.9871866658191168,0.0012746577309985375
334.0,16082.0,0.9871891937098217,0.0012737218312114525
335.0,16130.0,0.987190819620211,0.0012746897429967478
336.0,16178.0,0.9872021304889973,0.0012805240604535535
337.0,16226.0,0.9872021304889973,0.0012805240604535535
338.0,16274.0,0.9872296926206724,0.0012679380015976525
339.0,16322.0,0.9872464259073727,0.0012410095782472844
340.0,16370.0,0.9872522272058566,0.0012386453810249208
341.0,16418.0,0.9872522272058566,0.0012386453810249208
342.0,16466.0,0.9872522272058566,0.0012386453810249208
343.0,16514.0,0.9872522272058566,0.0012386453810249208
344.0,16562.0,0.9872598950985514,0.0012364150331514437
345.0,16610.0,0.9872795690449339,0.0012177611254530075
346.0,16658.0,0.9872840491877065,0.0012090991511946641
347.0,16706.0,0.9872934211477704,0.0012105201316798852
348.0,16754.0,0.9872934432115693,0.0012105516771211621
349.0,16802.0,0.9873182287073247,0.0012261595436356427
350.0,16850.0,0.9873420274573477,0.001235166785479082
351.0,16898.0,0.9873433764601236,0.001235330027160271
352.0,16946.0,0.987353444418044,0.0012397919705939432
353.0,16994.0,0.9873593999010323,0.0012436881296348792
354.0,17042.0,0.9873593999010323,0.0012436881296348792
355.0,17090.0,0.9873895596352771,0.001242022551878195
356.0,17138.0,0.9873918776471766,0.0012450094577209974
357.0,17186.0,0.987392142933634,0.0012450474513402828
358.0,17234.0,0.987392142933634,0.0012450474513402828
359.0,17282.0,0.987392142933634,0.0012450474513402828
360.0,17330.0,0.9873921517141637,0.0012450529969225646
361.0,17378.0,0.9874049994398112,0.00125347052113553
362.0,17426.0,0.9874067821741607,0.0012531276202618535
363.0,17474.0,0.987409348422541,0.0012524304173920453
364.0,17522.0,0.9874333091254968,0.0012696276012077352
365.0,17570.0,0.9874518888382088,0.0012649736121846744
366.0,17618.0,0.9874518888382088,0.0012649736121846744
367.0,17666.0,0.9874518888382088,0.0012649736121846744
368.0,17714.0,0.9874529155359799,0.001265060338361999
369.0,17762.0,0.9874529155359799,0.001265060338361999
370.0,17810.0,0.9874915599839136,0.0013102564139811674
371.0,17858.0,0.9874982617187108,0.0012973570131593168
372.0,17906.0,0.9874991367977556,0.0012979544704672457
373.0,17954.0,0.9875077871229649,0.0013040037025827
374.0,18002.0,0.9875077871229649,0.0013040037025827
375.0,18050.0,0.9875133494189555,0.001311892498898532
376.0,18098.0,0.9875133494189555,0.001311892498898532
377.0,18146.0,0.9875133494189555,0.001311892498898532
378.0,18194.0,0.9875451635842353,0.0013061551388483912
379.0,18242.0,0.9875464195348892,0.0013061524981983247
380.0,18290.0,0.9875464195348892,0.0013061524981983247
381.0,18338.0,0.9875538607304234,0.0013062607183533421
382.0,18386.0,0.9875538630560634,0.0013062639555892317
383.0,18434.0,0.9875538630560634,0.0013062639555892317
384.0,18482.0,0.9875538630560634,0.0013062639555892317
385.0,18530.0,0.9875751408882085,0.0013105797578221103
386.0,18578.0,0.9875751408882085,0.0013105797578221103
387.0,18626.0,0.9875823406731363,0.0013153243137127785
388.0,18674.0,0.9875823406731363,0.0013153243137127785
389.0,18722.0,0.9875823406731363,0.0013153243137127785
390.0,18770.0,0.9875823406731363,0.0013153243137127785
391.0,18818.0,0.9875823406731363,0.0013153243137127785
392.0,18866.0,0.9875859169700375,0.0013148049236004502
393.0,18914.0,0.9875877357080096,0.0013172879726792443
394.0,18962.0,0.9876112707031524,0.0013475324601533087
395.0,19010.0,0.9876133220739703,0.0013435244415160546
396.0,19058.0,0.9876246101060883,0.0013405954016438174
397.0,19106.0,0.9876266189401959,0.001341874835556617
398.0,19154.0,0.9876447135469736,0.001313255706472768
399.0,19202.0,0.9876697304054864,0.0013127990782742167
400.0,19250.0,0.9876899430030075,0.0012737517647112028
401.0,19298.0,0.9876899430030075,0.0012737517647112028
402.0,19346.0,0.9877046631091895,0.0012455767826600867
403.0,19394.0,0.9877046631091895,0.0012455767826600867
404.0,19442.0,0.9877046631091895,0.0012455767826600867
405.0,19490.0,0.987712789154614,0.0012514167474623398
406.0,19538.0,0.9877360419875105,0.0012532129267668957
407.0,19586.0,0.9877360419875105,0.0012532129267668957
408.0,19634.0,0.9877672800308963,0.001245840144024371
409.0,19682.0,0.9877672800308963,0.001245840144024371
410.0,19730.0,0.9877679753085482,0.00124631509058474
411.0,19778.0,0.9877697958694901,0.0012469213685819647
412.0,19826.0,0.9877806868674275,0.001255252716147092
413.0,19874.0,0.9877825348628653,0.0012549550571910857
414.0,19922.0,0.987790406543656,0.0012551142121213267
415.0,19970.0,0.987790406543656,0.0012551142121213267
416.0,20018.0,0.987790406543656,0.0012551142121213267
417.0,20066.0,0.9878034536288975,0.0012545598875832432
418.0,20114.0,0.987807020467924,0.0012569310710756107
419.0,20162.0,0.987807020467924,0.0012569310710756107
420.0,20210.0,0.987848255796538,0.0012565500700097486
421.0,20258.0,0.987852679438342,0.0012569109910960943
422.0,20306.0,0.987852679438342,0.0012569109910960943
423.0,20354.0,0.987856233612435,0.0012511818851961962
424.0,20402.0,0.9878916487956513,0.0012612612168150198
425.0,20450.0,0.9878916487956513,0.0012612612168150198
426.0,20498.0,0.9879001448507744,0.0012695421675550653
427.0,20546.0,0.9879235362857383,0.0013006083430005565
428.0,20594.0,0.9879283332981483,0.0013004576360296346
429.0,20642.0,0.9879283332981483,0.0013004576360296346
430.0,20690.0,0.9879283332981483,0.0013004576360296346
431.0,20738.0,0.9879546646163316,0.0013050528318103273
432.0,20786.0,0.9879551592995707,0.0013050727268396406
433.0,20834.0,0.9879566671674022,0.0013052853650107198
434.0,20882.0,0.9879584908153344,0.0013055541219602936
435.0,20930.0,0.9879584908153344,0.0013055541219602936
436.0,20978.0,0.9879606840218491,0.0013084520632650443
437.0,21026.0,0.9879606840218491,0.0013084520632650443
438.0,21074.0,0.9879631203284542,0.001309772042402246
439.0,21122.0,0.9879631203284542,0.001309772042402246
440.0,21170.0,0.9879631203284542,0.001309772042402246
441.0,21218.0,0.987964701967267,0.0013098296737198277
442.0,21266.0,0.9879650359329852,0.0013091459629350393
443.0,21314.0,0.9879681196170733,0.0013095793139035134
444.0,21362.0,0.9879833166398342,0.0013298596590063411
445.0,21410.0,0.9879891138169341,0.0013300534246393845
446.0,21458.0,0.9880028894474988,0.0013092897225612096
447.0,21506.0,0.9880227034339943,0.001320068523237735
448.0,21554.0,0.9880255389275279,0.001320396689845746
449.0,21602.0,0.9880323995833905,0.00130680746752437
450.0,21650.0,0.9880331793787516,0.0013068989172321326
451.0,21698.0,0.9880471173429907,0.0013089242603442658
452.0,21746.0,0.9880471173429907,0.0013089242603442658
453.0,21794.0,0.9880471173429907,0.0013089242603442658
454.0,21842.0,0.9880557286102928,0.001309050735666876
455.0,21890.0,0.9880684311639426,0.0013258313194208404
456.0,21938.0,0.9880684311639426,0.0013258313194208404
457.0,21986.0,0.9880684311639426,0.0013258313194208404
458.0,22034.0,0.9880684311639426,0.0013258313194208404
459.0,22082.0,0.9880705570466374,0.0013283228767059653
460.0,22130.0,0.9880728453848888,0.0013236648611189318
461.0,22178.0,0.988077229042192,0.0013243392886493626
462.0,22226.0,0.988077229042192,0.0013243392886493626
463.0,22274.0,0.988077229042192,0.0013243392886493626
464.0,22322.0,0.9880826943075757,0.001317374583162643
465.0,22370.0,0.9881022236657909,0.0012820184513069937
466.0,22418.0,0.9881022607135777,0.001282037680253854
467.0,22466.0,0.9881022607135777,0.001282037680253854
468.0,22514.0,0.9881265996018769,0.001283056816522027
469.0,22562.0,0.988126799581455,0.0012830747484485433
470.0,22610.0,0.9881439967981258,0.0012858909978729913
471.0,22658.0,0.9881439967981258,0.0012858909978729913
472.0,22706.0,0.9881509314577513,0.0012870176352080592
473.0,22754.0,0.9881540800665723,0.0012873304236492447
474.0,22802.0,0.9881540800665723,0.0012873304236492447
475.0,22850.0,0.9881697516806787,0.0013045489558508182
476.0,22898.0,0.9881697516806787,0.0013045489558508182
477.0,22946.0,0.9881719312518088,0.0013050852570135694
478.0,22994.0,0.9881754109175063,0.0013016048920411907
479.0,23042.0,0.9881754109175063,0.0013016048920411907
480.0,23090.0,0.9881754109175063,0.0013016048920411907
481.0,23138.0,0.9881754109175063,0.0013016048920411907
482.0,23186.0,0.9881765262048411,0.0013017995460811835
483.0,23234.0,0.9881803549462413,0.0012939208080773859
484.0,23282.0,0.988181846430772,0.0012945959591481855
485.0,23330.0,0.9882115090240877,0.0013105804488320295
486.0,23378.0,0.9882139613577386,0.001305529827528852
487.0,23426.0,0.9882139613577386,0.001305529827528852
488.0,23474.0,0.9882162334066751,0.001300853634497848
489.0,23522.0,0.9882176262195259,0.00130107172346595
490.0,23570.0,0.9882176262195259,0.00130107172346595
491.0,23618.0,0.9882394757605683,0.001313558403805328
492.0,23666.0,0.9882401050412157,0.0013124106941008553
493.0,23714.0,0.988253374828394,0.0013159941489689002
494.0,23762.0,0.988253374828394,0.0013159941489689002
495.0,23810.0,0.9882643386044485,0.001297443818755804
496.0,23858.0,0.9882890224807875,0.0012818824060326019
497.0,23906.0,0.9882890224807875,0.0012818824060326019
498.0,23954.0,0.9882890224807875,0.0012818824060326019
499.0,24002.0,0.9882890224807875,0.0012818824060326019
500.0,24050.0,0.9882895919990314,0.001282225834941568
501.0,24098.0,0.9882895919990314,0.001282225834941568
502.0,24146.0,0.9882895919990314,0.001282225834941568
503.0,24194.0,0.9882925345589003,0.0012840189053360041
504.0,24242.0,0.9882925345589003,0.0012840189053360041
505.0,24290.0,0.9882931747071932,0.00128413192772681
506.0,24338.0,0.9882931747071932,0.00128413192772681
507.0,24386.0,0.9882931747071932,0.00128413192772681
508.0,24434.0,0.9882952554171138,0.0012798264548241425
509.0,24482.0,0.9882953435052102,0.0012798420051896321
510.0,24530.0,0.9883116964184564,0.001266514509351032
511.0,24578.0,0.988316814266476,0.0012559244547069954
512.0,24626.0,0.988316814266476,0.0012559244547069954
513.0,24674.0,0.988316814266476,0.0012559244547069954
514.0,24722.0,0.988316814266476,0.0012559244547069954
515.0,24770.0,0.9883188032482855,0.0012518128296459422
516.0,24818.0,0.9883329382766624,0.0012550703858177825
517.0,24866.0,0.9883385694250553,0.0012433926881937434
518.0,24914.0,0.988338768595753,0.001243389951934537
519.0,24962.0,0.9883408526024942,0.0012433708880309855
520.0,25010.0,0.9883443158829408,0.0012454234153329098
521.0,25058.0,0.9883446452767629,0.0012456209631440422
522.0,25106.0,0.9883499400334192,0.0012488517196520825
523.0,25154.0,0.9883501267617703,0.0012488491693546078
524.0,25202.0,0.9883501267617703,0.0012488491693546078
525.0,25250.0,0.9883520333723919,0.0012511913330732502
526.0,25298.0,0.9883520333723919,0.0012511913330732502
527.0,25346.0,0.9883561705380327,0.0012481848833382416
528.0,25394.0,0.9883606280022933,0.0012481384546412732
529.0,25442.0,0.9883622425893239,0.0012501207900530267
530.0,25490.0,0.9883624810223347,0.0012502681022573364
531.0,25538.0,0.988362839282089,0.0012503506743708028
532.0,25586.0,0.9883653014920387,0.001251883197532189
533.0,25634.0,0.988377389932011,0.001253611528701937
534.0,25682.0,0.988377389932011,0.001253611528701937
535.0,25730.0,0.9883779495303925,0.0012542899190979468
536.0,25778.0,0.9883896171308173,0.0012462315192251544
537.0,25826.0,0.9883896171308173,0.0012462315192251544
538.0,25874.0,0.9883917401248686,0.0012467524684585615
539.0,25922.0,0.9883917401248686,0.0012467524684585615
540.0,25970.0,0.9884044839141296,0.001250253928331994
541.0,26018.0,0.9884044839141296,0.001250253928331994
542.0,26066.0,0.9884051773065081,0.0012506629510278934
543.0,26114.0,0.9884069680925128,0.001246913372650684
544.0,26162.0,0.9884069680925128,0.001246913372650684
545.0,26210.0,0.9884069680925128,0.001246913372650684
546.0,26258.0,0.9884069680925128,0.001246913372650684
547.0,26306.0,0.9884087531503862,0.0012431773691785862
548.0,26354.0,0.9884113003362044,0.0012462365173921631
549.0,26402.0,0.988421991833848,0.0012527262700716593
550.0,26450.0,0.988421991833848,0.0012527262700716593
551.0,26498.0,0.9884251110136866,0.0012462104462575042
552.0,26546.0,0.9884251110136866,0.0012462104462575042
553.0,26594.0,0.9884251269732843,0.0012461771201622267
554.0,26642.0,0.9884251269732843,0.0012461771201622267
555.0,26690.0,0.9884263462072722,0.0012469442218192705
556.0,26738.0,0.9884263462072722,0.0012469442218192705
557.0,26786.0,0.9884341098472931,0.001233514098281992
558.0,26834.0,0.9884341098472931,0.001233514098281992
559.0,26882.0,0.9884372677834845,0.0012269323975409275
560.0,26930.0,0.9884405130296624,0.001230832842419226
561.0,26978.0,0.988449569529464,0.001241877296153413
562.0,27026.0,0.9884514573918167,0.0012430397179631393
563.0,27074.0,0.9884514573918167,0.0012430397179631393
564.0,27122.0,0.9884540700641796,0.0012462609359838311
565.0,27170.0,0.9884540700641796,0.0012462609359838311
566.0,27218.0,0.9884540700641796,0.0012462609359838311
567.0,27266.0,0.9884613075484714,0.0012493130419380769
568.0,27314.0,0.9884613075484714,0.0012493130419380769
569.0,27362.0,0.9884613075484714,0.0012493130419380769
570.0,27410.0,0.988468410231752,0.001249162588937483
571.0,27458.0,0.9884704327743561,0.0012496562548535571
572.0,27506.0,0.9884718968826771,0.0012500237049719604
573.0,27554.0,0.9884718968826771,0.0012500237049719604
574.0,27602.0,0.9884718968826771,0.0012500237049719604
575.0,27650.0,0.9884736609115754,0.0012511024547229063
576.0,27698.0,0.9884755773363837,0.0012523107018648542
577.0,27746.0,0.9884788057692344,0.0012532589635905543
578.0,27794.0,0.988488515868011,0.0012595674020686408
579.0,27842.0,0.9884947245606417,0.0012670060738457856
580.0,27890.0,0.9884947245606417,0.0012670060738457856
581.0,27938.0,0.9885042870781765,0.0012784203793253842
582.0,27986.0,0.9885042870781765,0.0012784203793253842
583.0,28034.0,0.9885042925190856,0.0012784091463920112
584.0,28082.0,0.9885042925190856,0.0012784091463920112
585.0,28130.0,0.9885081859030347,0.0012703755363089018
586.0,28178.0,0.9885081859030347,0.0012703755363089018
587.0,28226.0,0.9885081859030347,0.0012703755363089018
588.0,28274.0,0.9885095679358666,0.001270316502966913
589.0,28322.0,0.9885095679358666,0.001270316502966913
590.0,28370.0,0.9885117389246506,0.001270818507431379
591.0,28418.0,0.9885117389246506,0.001270818507431379
592.0,28466.0,0.9885281323742042,0.0012721683129912997
593.0,28514.0,0.9885281323742042,0.0012721683129912997
594.0,28562.0,0.9885281323742042,0.0012721683129912997
595.0,28610.0,0.9885281323742042,0.0012721683129912997
596.0,28658.0,0.9885281323742042,0.0012721683129912997
597.0,28706.0,0.9885281323742042,0.0012721683129912997
598.0,28754.0,0.9885281323742042,0.0012721683129912997
599.0,28802.0,0.9885281323742042,0.0012721683129912997
600.0,28850.0,0.9885338781102156,0.0012728773242683049
601.0,28898.0,0.9885408022342442,0.00127260044491998
602.0,28946.0,0.9885430887781995,0.001267886523964085
603.0,28994.0,0.9885449223743896,0.0012678404510592085
604.0,29042.0,0.9885449223743896,0.0012678404510592085
605.0,29090.0,0.9885452413685384,0.0012671824602672555
606.0,29138.0,0.9885534588433773,0.0012671362305389157
607.0,29186.0,0.9885575771985978,0.0012672132913746767
608.0,29234.0,0.9885657262821603,0.0012675629414474884
609.0,29282.0,0.9885657262821603,0.0012675629414474884
610.0,29330.0,0.9885674703739893,0.0012679192659562225
611.0,29378.0,0.9885674703739893,0.0012679192659562225
612.0,29426.0,0.9885674703739893,0.0012679192659562225
613.0,29474.0,0.9885764879610957,0.0012491541544667332
614.0,29522.0,0.9885764879610957,0.0012491541544667332
615.0,29570.0,0.9885764879610957,0.0012491541544667332
616.0,29618.0,0.9885783334027654,0.0012502398146911125
617.0,29666.0,0.9885783334027654,0.0012502398146911125
618.0,29714.0,0.9885783334027654,0.0012502398146911125
619.0,29762.0,0.9885808823588833,0.001244944337256075
620.0,29810.0,0.9885808823588833,0.001244944337256075
621.0,29858.0,0.9885847871722273,0.0012368375796699862
622.0,29906.0,0.9885847871722273,0.0012368375796699862
623.0,29954.0,0.9885863003574211,0.001238727370435062
624.0,30002.0,0.9885863003574211,0.001238727370435062
625.0,30050.0,0.9885867754708689,0.0012377423503473863
626.0,30098.0,0.9885891734064296,0.0012391659533529228
627.0,30146.0,0.9885891734064296,0.0012391659533529228
628.0,30194.0,0.9885891734064296,0.0012391659533529228
629.0,30242.0,0.9885928554331753,0.001240864201502928
630.0,30290.0,0.9886006459784745,0.001250675619602039
631.0,30338.0,0.9886072397973148,0.00125910847004366
632.0,30386.0,0.9886248769603523,0.0012617824070255675
633.0,30434.0,0.9886300946926581,0.0012633309750023822
634.0,30482.0,0.9886300946926581,0.0012633309750023822
635.0,30530.0,0.9886329304134882,0.0012575016547586343
636.0,30578.0,0.9886329304134882,0.0012575016547586343
637.0,30626.0,0.9886329304134882,0.0012575016547586343
638.0,30674.0,0.9886329304134882,0.0012575016547586343
639.0,30722.0,0.9886329304134882,0.0012575016547586343
640.0,30770.0,0.9886404564118131,0.0012671737484491687
641.0,30818.0,0.9886511699571197,0.0012738623415061837
642.0,30866.0,0.9886511699571197,0.0012738623415061837
643.0,30914.0,0.9886511699571197,0.0012738623415061837
644.0,30962.0,0.9886532967655357,0.001276585917209391
645.0,31010.0,0.9886586732939782,0.0012835238669763483
646.0,31058.0,0.9886791110183267,0.0013039237335009648
647.0,31106.0,0.9886791110183267,0.0013039237335009648
648.0,31154.0,0.9886791110183267,0.0013039237335009648
649.0,31202.0,0.9886791110183267,0.0013039237335009648
650.0,31250.0,0.9886791110183267,0.0013039237335009648
651.0,31298.0,0.9886791110183267,0.0013039237335009648
652.0,31346.0,0.9886791110183267,0.0013039237335009648
653.0,31394.0,0.9886791110183267,0.0013039237335009648
654.0,31442.0,0.988679115079284,0.0013039241191395183
655.0,31490.0,0.988679115079284,0.0013039241191395183
656.0,31538.0,0.9886793056836458,0.0013041780421376935
657.0,31586.0,0.9886793056836458,0.0013041780421376935
658.0,31634.0,0.9886905732297622,0.0013044918767372833
659.0,31682.0,0.9886927123612473,0.001307324043759159
660.0,31730.0,0.9886927123612473,0.001307324043759159
661.0,31778.0,0.9886939368555124,0.0013048343430372095
662.0,31826.0,0.9886939368555124,0.0013048343430372095
663.0,31874.0,0.9886939368555124,0.0013048343430372095
664.0,31922.0,0.9886939368555124,0.0013048343430372095
665.0,31970.0,0.9886939368555124,0.0013048343430372095
666.0,32018.0,0.9886939368555124,0.0013048343430372095
667.0,32066.0,0.9887040115145952,0.001310993585389038
668.0,32114.0,0.9887059766303381,0.0013121305629010737
669.0,32162.0,0.9887081824857613,0.0013076476545616394
670.0,32210.0,0.9887081824857613,0.0013076476545616394
671.0,32258.0,0.9887081824857613,0.0013076476545616394
672.0,32306.0,0.9887081824857613,0.0013076476545616394
673.0,32354.0,0.9887212341613523,0.0013226612281149535
674.0,32402.0,0.9887212341613523,0.0013226612281149535
675.0,32450.0,0.9887229727575999,0.001323647113806489
676.0,32498.0,0.9887229727575999,0.001323647113806489
677.0,32546.0,0.9887230019140191,0.0013236473400949742
678.0,32594.0,0.9887230019140191,0.0013236473400949742
679.0,32642.0,0.9887232489636641,0.0013231480784820571
680.0,32690.0,0.9887305909438293,0.0013233056132835642
681.0,32738.0,0.9887305909438293,0.0013233056132835642
682.0,32786.0,0.9887305909438293,0.0013233056132835642
683.0,32834.0,0.9887305909438293,0.0013233056132835642
684.0,32882.0,0.9887305909438293,0.0013233056132835642
685.0,32930.0,0.9887305909438293,0.0013233056132835642
686.0,32978.0,0.9887305909438293,0.0013233056132835642
687.0,33026.0,0.9887332094561513,0.0013247738308293368
688.0,33074.0,0.988737392491618,0.0013170178836327186
689.0,33122.0,0.988737392491618,0.0013170178836327186
690.0,33170.0,0.988737392491618,0.0013170178836327186
691.0,33218.0,0.988737392491618,0.0013170178836327186
692.0,33266.0,0.988737392491618,0.0013170178836327186
693.0,33314.0,0.988737392491618,0.0013170178836327186
694.0,33362.0,0.9887374461728153,0.0013170220629481616
695.0,33410.0,0.9887397696117615,0.0013125310613247454
696.0,33458.0,0.9887397696117615,0.0013125310613247454
697.0,33506.0,0.9887417031237786,0.0013126860736330762
698.0,33554.0,0.9887439104158646,0.001312880417417565
699.0,33602.0,0.9887439104158646,0.001312880417417565
700.0,33650.0,0.9887439104158646,0.001312880417417565
701.0,33698.0,0.9887456630916918,0.0013152413545498953
702.0,33746.0,0.9887456677907378,0.001315231837021054
703.0,33794.0,0.9887456677907378,0.001315231837021054
704.0,33842.0,0.9887456677907378,0.001315231837021054
705.0,33890.0,0.98874909499557,0.0013127195697514799
706.0,33938.0,0.9887513255833593,0.0013157474046527613
707.0,33986.0,0.9887513255833593,0.0013157474046527613
708.0,34034.0,0.9887513255833593,0.0013157474046527613
709.0,34082.0,0.9887513255833593,0.0013157474046527613
710.0,34130.0,0.9887513255833593,0.0013157474046527613
711.0,34178.0,0.9887531355548665,0.001318213046947449
712.0,34226.0,0.9887531355548665,0.001318213046947449
713.0,34274.0,0.9887531355548665,0.001318213046947449
714.0,34322.0,0.9887531355548665,0.001318213046947449
715.0,34370.0,0.9887531355548665,0.001318213046947449
716.0,34418.0,0.9887582551188204,0.0013224800095477164
717.0,34466.0,0.9887582551188204,0.0013224800095477164
718.0,34514.0,0.988759598641875,0.0013226017635686784
719.0,34562.0,0.988759598641875,0.0013226017635686784
720.0,34610.0,0.988761708476039,0.0013226269071390149
721.0,34658.0,0.988761708476039,0.0013226269071390149
722.0,34706.0,0.9887649357450055,0.0013161138989435115
723.0,34754.0,0.9887728803517266,0.0013163364066665325
724.0,34802.0,0.9887738527233825,0.0013168615293521993
725.0,34850.0,0.9887738527233825,0.0013168615293521993
726.0,34898.0,0.9887756235020365,0.001317826503825764
727.0,34946.0,0.9887789132604355,0.001318104579755258
728.0,34994.0,0.9887789132604355,0.001318104579755258
729.0,35042.0,0.9887789132604355,0.001318104579755258
730.0,35090.0,0.9887807391883114,0.0013181790347398493
731.0,35138.0,0.9887807391883114,0.0013181790347398493
732.0,35186.0,0.9887807391883114,0.0013181790347398493
733.0,35234.0,0.9887825848632357,0.001320679290798975
734.0,35282.0,0.9887825848632357,0.001320679290798975
735.0,35330.0,0.9887825848632357,0.001320679290798975
736.0,35378.0,0.9887825848632357,0.001320679290798975
737.0,35426.0,0.9887825848632357,0.001320679290798975
738.0,35474.0,0.9887847307893359,0.001320779007912294
739.0,35522.0,0.9887847307893359,0.001320779007912294
740.0,35570.0,0.9887847307893359,0.001320779007912294
741.0,35618.0,0.9887850144603496,0.0013211618158387652
742.0,35666.0,0.9887850144603496,0.0013211618158387652
743.0,35714.0,0.988785014462036,0.0013211618159817392
744.0,35762.0,0.9887888981900307,0.0013264438302356778
745.0,35810.0,0.9887888981900307,0.0013264438302356778
746.0,35858.0,0.988789161987988,0.0013264561976526407
747.0,35906.0,0.988789161987988,0.0013264561976526407
748.0,35954.0,0.988789161987988,0.0013264561976526407
749.0,36002.0,0.9887910585188948,0.0013226186870976947
750.0,36050.0,0.9887926230316033,0.0013234546491354326
751.0,36098.0,0.9887926230316033,0.0013234546491354326
752.0,36146.0,0.9887926230316033,0.0013234546491354326
753.0,36194.0,0.9887926230316033,0.0013234546491354326
754.0,36242.0,0.9887930948867822,0.001322500168401118
755.0,36290.0,0.9887948056210194,0.0013234241375244416
756.0,36338.0,0.9887951645511007,0.0013234514378240878
757.0,36386.0,0.9887987494769506,0.0013211316977559929
758.0,36434.0,0.9887987494769506,0.0013211316977559929
759.0,36482.0,0.9888041559154533,0.0013241050592152541
760.0,36530.0,0.9888110161599808,0.0013102292939522024
761.0,36578.0,0.9888110161599808,0.0013102292939522024
762.0,36626.0,0.9888110233654958,0.0013102390966551359
763.0,36674.0,0.9888137912172551,0.0013103602286210537
764.0,36722.0,0.9888145467310757,0.0013113866669160633
765.0,36770.0,0.9888145467310757,0.0013113866669160633
766.0,36818.0,0.9888145467310757,0.0013113866669160633
767.0,36866.0,0.9888145467310757,0.0013113866669160633
768.0,36914.0,0.9888145467310757,0.0013113866669160633
769.0,36962.0,0.9888145467310757,0.0013113866669160633
770.0,37010.0,0.9888145467310757,0.0013113866669160633
771.0,37058.0,0.9888169699301589,0.0013146880564535723
772.0,37106.0,0.9888189647121578,0.001314808355772753
773.0,37154.0,0.9888218940071443,0.0013150124150414604
774.0,37202.0,0.9888218961334896,0.0013150153074916956
775.0,37250.0,0.9888218961334896,0.0013150153074916956
776.0,37298.0,0.988824054742094,0.0013162034419648661
777.0,37346.0,0.988824054742094,0.0013162034419648661
778.0,37394.0,0.988824054742094,0.0013162034419648661
779.0,37442.0,0.988824054742094,0.0013162034419648661
780.0,37490.0,0.988824054742094,0.0013162034419648661
781.0,37538.0,0.9888261645824518,0.0013119357847063712
782.0,37586.0,0.988913286788024,0.0013324538787228433
783.0,37634.0,0.9889147376189305,0.0013326114026973113
784.0,37682.0,0.9889153693152058,0.0013329042045599313
785.0,37730.0,0.9889153693152058,0.0013329042045599313
786.0,37778.0,0.9889153693152058,0.0013329042045599313
787.0,37826.0,0.9889153693152058,0.0013329042045599313
788.0,37874.0,0.9889153924644708,0.0013328772672290274
789.0,37922.0,0.9889153924644708,0.0013328772672290274
790.0,37970.0,0.9889216595780352,0.0013300039267206715
791.0,38018.0,0.9889251499036844,0.001331695801441485
792.0,38066.0,0.9889251499036844,0.001331695801441485
793.0,38114.0,0.9889271195470247,0.0013324636353957192
794.0,38162.0,0.9889271195470247,0.0013324636353957192
795.0,38210.0,0.9889271195470247,0.0013324636353957192
796.0,38258.0,0.9889376052080976,0.0013456546988777258
797.0,38306.0,0.9889376052080976,0.0013456546988777258
798.0,38354.0,0.9889381477239428,0.0013456133475263053
799.0,38402.0,0.9889381477239428,0.0013456133475263053
800.0,38450.0,0.98894075241877,0.0013466136142344768
801.0,38498.0,0.98894075241877,0.0013466136142344768
802.0,38546.0,0.9889407524493518,0.0013466136529969829
803.0,38594.0,0.9889407524493518,0.0013466136529969829
804.0,38642.0,0.9889427730846275,0.001347572721715073
805.0,38690.0,0.9889427730846275,0.001347572721715073
806.0,38738.0,0.9889435008590155,0.0013484938213049107
807.0,38786.0,0.9889435008590155,0.0013484938213049107
808.0,38834.0,0.9889435008590155,0.0013484938213049107
809.0,38882.0,0.9889435008590155,0.0013484938213049107
810.0,38930.0,0.9889435008590155,0.0013484938213049107
811.0,38978.0,0.9889435008590155,0.0013484938213049107
812.0,39026.0,0.9889437430747574,0.0013488006749364373
813.0,39074.0,0.9889438256283654,0.0013488400553787222
814.0,39122.0,0.9889438376447044,0.0013488392814448617
815.0,39170.0,0.9889438376447044,0.0013488392814448617
816.0,39218.0,0.9889438376447044,0.0013488392814448617
817.0,39266.0,0.9889468673516397,0.0013500228697322979
818.0,39314.0,0.9889468673516397,0.0013500228697322979
819.0,39362.0,0.9889468673516397,0.0013500228697322979
820.0,39410.0,0.9889487315114543,0.0013523819119872144
821.0,39458.0,0.9889487315114543,0.0013523819119872144
822.0,39506.0,0.9889487315114543,0.0013523819119872144
823.0,39554.0,0.9889487315114543,0.0013523819119872144
824.0,39602.0,0.9889487315114543,0.0013523819119872144
825.0,39650.0,0.9889493740638337,0.0013531886285675723
826.0,39698.0,0.9889493847971288,0.0013531936794816928
827.0,39746.0,0.9889493847971288,0.0013531936794816928
828.0,39794.0,0.9889493847971288,0.0013531936794816928
829.0,39842.0,0.9889520680385067,0.0013544691204667204
830.0,39890.0,0.9889520680385067,0.0013544691204667204
831.0,39938.0,0.9889520680385067,0.0013544691204667204
832.0,39986.0,0.9889540815564299,0.0013503142285002975
833.0,40034.0,0.9889540815564299,0.0013503142285002975
834.0,40082.0,0.9889540815564299,0.0013503142285002975
835.0,40130.0,0.9889586041948526,0.0013509905726975947
836.0,40178.0,0.9889655238013834,0.0013486750747842384
837.0,40226.0,0.9889823221317341,0.001356071786223438
838.0,40274.0,0.9889828061069231,0.00135615713999344
839.0,40322.0,0.9889828061069231,0.00135615713999344
840.0,40370.0,0.9889828061069231,0.00135615713999344
841.0,40418.0,0.9889828061069231,0.00135615713999344
842.0,40466.0,0.9889852514743576,0.0013559532817855123
843.0,40514.0,0.9889852514743576,0.0013559532817855123
844.0,40562.0,0.9889862960356947,0.0013558729141212862
845.0,40610.0,0.9889862960356947,0.0013558729141212862
846.0,40658.0,0.9889862960356947,0.0013558729141212862
847.0,40706.0,0.9889863578049543,0.0013559490701419614
848.0,40754.0,0.9889863578049543,0.0013559490701419614
849.0,40802.0,0.9889863578049543,0.0013559490701419614
850.0,40850.0,0.9889874318680338,0.0013564435428902951
851.0,40898.0,0.9889874318680338,0.0013564435428902951
852.0,40946.0,0.9889874318680338,0.0013564435428902951
853.0,40994.0,0.9889874318680338,0.0013564435428902951
854.0,41042.0,0.9889874318680338,0.0013564435428902951
855.0,41090.0,0.9889874327728176,0.0013564434741005595
856.0,41138.0,0.9889896853857664,0.001359224182825028
857.0,41186.0,0.9889896853857664,0.001359224182825028
858.0,41234.0,0.9889896853857664,0.001359224182825028
859.0,41282.0,0.9889896853857664,0.001359224182825028
860.0,41330.0,0.9889896853857664,0.001359224182825028
861.0,41378.0,0.9889916308577208,0.001360124310847441
862.0,41426.0,0.9890045582641035,0.0013664422915668877
863.0,41474.0,0.9890045582641035,0.0013664422915668877
864.0,41522.0,0.9890069013542334,0.0013662387785300493
865.0,41570.0,0.9890069013542334,0.0013662387785300493
866.0,41618.0,0.9890318580774464,0.0013782058967870944
867.0,41666.0,0.9890342560028769,0.0013774910965291892
868.0,41714.0,0.9890342560028769,0.0013774910965291892
869.0,41762.0,0.9890342560028769,0.0013774910965291892
870.0,41810.0,0.9890342560028769,0.0013774910965291892
871.0,41858.0,0.9890342722590167,0.001377457210096353
872.0,41906.0,0.9890342722590167,0.001377457210096353
873.0,41954.0,0.9890342722590167,0.001377457210096353
874.0,42002.0,0.9890361298204553,0.00137721019851714
875.0,42050.0,0.9890361298204553,0.00137721019851714
876.0,42098.0,0.9890361298204553,0.00137721019851714
877.0,42146.0,0.9890361298204553,0.00137721019851714
878.0,42194.0,0.9890361298204553,0.00137721019851714
879.0,42242.0,0.9890424026549256,0.001364131754529012
880.0,42290.0,0.9890429622301469,0.0013629659932279136
881.0,42338.0,0.9890429622301469,0.0013629659932279136
882.0,42386.0,0.9890429622301469,0.0013629659932279136
883.0,42434.0,0.9890443600219276,0.0013646243983230619
884.0,42482.0,0.9890480413045063,0.0013642856405876136
885.0,42530.0,0.9890504519803057,0.0013592588413000623
886.0,42578.0,0.9890505864535853,0.0013593233566924464
887.0,42626.0,0.9890505864535853,0.0013593233566924464
888.0,42674.0,0.9890543192855091,0.0013590206879718204
889.0,42722.0,0.9890543192855091,0.0013590206879718204
890.0,42770.0,0.9890793062963091,0.001306985973114058
891.0,42818.0,0.9890793062963091,0.001306985973114058
892.0,42866.0,0.989083125648488,0.0013087830541443305
893.0,42914.0,0.9890831258192223,0.001308782699541349
894.0,42962.0,0.9890831258192223,0.001308782699541349
895.0,43010.0,0.9891031169649918,0.0013176805730719969
896.0,43058.0,0.9891063582177019,0.0013192528936406913
897.0,43106.0,0.9891063582177019,0.0013192528936406913
898.0,43154.0,0.9891063582177019,0.0013192528936406913
899.0,43202.0,0.9891063582177019,0.0013192528936406913
900.0,43250.0,0.9891063582177019,0.0013192528936406913
901.0,43298.0,0.9891074707110514,0.0013191262153966824
902.0,43346.0,0.9891074731185944,0.0013191272045061395
903.0,43394.0,0.9891074731185944,0.0013191272045061395
904.0,43442.0,0.9891074731185944,0.0013191272045061395
905.0,43490.0,0.9891101230939343,0.0013205590496252677
906.0,43538.0,0.9891101230939343,0.0013205590496252677
907.0,43586.0,0.9891101230939343,0.0013205590496252677
908.0,43634.0,0.9891101230939343,0.0013205590496252677
909.0,43682.0,0.9891129099806306,0.0013220918499579884
910.0,43730.0,0.9891138541521893,0.0013201242513795845
911.0,43778.0,0.9891138731503364,0.0013201334381651713
912.0,43826.0,0.9891160689966922,0.001321360401439264
913.0,43874.0,0.9891183876183357,0.001322485513510875
914.0,43922.0,0.9891183876183357,0.001322485513510875
915.0,43970.0,0.9891184361466582,0.0013225416472689043
916.0,44018.0,0.9891184361466582,0.0013225416472689043
917.0,44066.0,0.9891184361466582,0.0013225416472689043
918.0,44114.0,0.9891184657447811,0.0013225380426495003
919.0,44162.0,0.9891252664865255,0.001326300907090431
920.0,44210.0,0.9891252664865255,0.001326300907090431
921.0,44258.0,0.9891252664865255,0.001326300907090431
922.0,44306.0,0.989131117368802,0.0013268508772134994
923.0,44354.0,0.989131117368802,0.0013268508772134994
924.0,44402.0,0.989131117368802,0.0013268508772134994
925.0,44450.0,0.9891323378001438,0.0013267143574795127
926.0,44498.0,0.9891363547563911,0.001318319667710274
927.0,44546.0,0.9891363547563911,0.001318319667710274
928.0,44594.0,0.9891363547563911,0.001318319667710274
929.0,44642.0,0.9891381677629612,0.0013203974428736209
930.0,44690.0,0.9891381677629612,0.0013203974428736209
931.0,44738.0,0.9891405665567573,0.0013153918978702952
932.0,44786.0,0.9891405665567573,0.0013153918978702952
933.0,44834.0,0.9891405665567573,0.0013153918978702952
934.0,44882.0,0.9891405665567573,0.0013153918978702952
935.0,44930.0,0.9891405665567573,0.0013153918978702952
936.0,44978.0,0.9891405665567573,0.0013153918978702952
937.0,45026.0,0.9891405665649973,0.0013153919073517996
938.0,45074.0,0.9891405665649973,0.0013153919073517996
939.0,45122.0,0.989146801387743,0.0013188311747325278
940.0,45170.0,0.989146801387743,0.0013188311747325278
941.0,45218.0,0.9891485070146855,0.0013186252923321963
942.0,45266.0,0.9891485913711857,0.0013186655783513153
943.0,45314.0,0.9891539742929234,0.0013191348099131325
944.0,45362.0,0.9891544500906747,0.0013181390709459501
945.0,45410.0,0.9891544500906747,0.0013181390709459501
946.0,45458.0,0.9891571715609524,0.0013124456945624073
947.0,45506.0,0.9891617103109238,0.0013146636390046497
948.0,45554.0,0.9891617103109238,0.0013146636390046497
949.0,45602.0,0.9891636165669292,0.0013168251181324363
950.0,45650.0,0.9891636165669292,0.0013168251181324363
951.0,45698.0,0.98916368488086,0.0013168643886498621
952.0,45746.0,0.989182061729372,0.001326551401514179
953.0,45794.0,0.989182061729372,0.001326551401514179
954.0,45842.0,0.9891902629845125,0.0013255987844733273
955.0,45890.0,0.9891927574236219,0.0013269879893769562
956.0,45938.0,0.9891951697314493,0.0013283086670852092
957.0,45986.0,0.9891951697314493,0.0013283086670852092
958.0,46034.0,0.9891951697314493,0.0013283086670852092
959.0,46082.0,0.9892031418094696,0.001332819160291796
960.0,46130.0,0.9892072080151824,0.0013372581411498588
961.0,46178.0,0.9892092423638162,0.0013370305034376448
962.0,46226.0,0.9892092423638162,0.0013370305034376448
963.0,46274.0,0.9892092423638162,0.0013370305034376448
964.0,46322.0,0.9892269389425866,0.0013357023625884072
965.0,46370.0,0.9892269568549358,0.001335721713394808
966.0,46418.0,0.9892269727492582,0.0013356880136848063
967.0,46466.0,0.9892269727492582,0.0013356880136848063
968.0,46514.0,0.9892272858538542,0.0013358623455441677
969.0,46562.0,0.9892272858538542,0.0013358623455441677
970.0,46610.0,0.9892394433699051,0.0013425086502995504
971.0,46658.0,0.9892394433699051,0.0013425086502995504
972.0,46706.0,0.9892394433699051,0.0013425086502995504
973.0,46754.0,0.9892431675862792,0.0013396542958946493
974.0,46802.0,0.9892433019188485,0.0013393696388482167
975.0,46850.0,0.9892433019188485,0.0013393696388482167
976.0,46898.0,0.9892433019188485,0.0013393696388482167
977.0,46946.0,0.9892433133215504,0.0013393689877451455
978.0,46994.0,0.9892434561883354,0.0013395218141253765
979.0,47042.0,0.9892437556545817,0.0013398423474988523
980.0,47090.0,0.989245513039179,0.0013417285541176614
981.0,47138.0,0.989245513039179,0.0013417285541176614
982.0,47186.0,0.989245513039179,0.0013417285541176614
983.0,47234.0,0.989245513039179,0.0013417285541176614
984.0,47282.0,0.9892457587466591,0.0013419929783863042
985.0,47330.0,0.9892457587466591,0.0013419929783863042
986.0,47378.0,0.9892457587466591,0.0013419929783863042
987.0,47426.0,0.9892505072298363,0.0013445851773844582
988.0,47474.0,0.9892507085617002,0.001344696826860855
989.0,47522.0,0.9892663923502376,0.0013455479872801523
990.0,47570.0,0.9892664335396495,0.0013455707102678455
991.0,47618.0,0.9892664335396495,0.0013455707102678455
992.0,47666.0,0.9892664335396495,0.0013455707102678455
993.0,47714.0,0.9892664335396553,0.001345570710274167
994.0,47762.0,0.9892664335396553,0.001345570710274167
995.0,47810.0,0.9892664335396553,0.001345570710274167
996.0,47858.0,0.9892693843444101,0.0013455365488700911
997.0,47906.0,0.9892693843444101,0.0013455365488700911
998.0,47954.0,0.9892693843444101,0.0013455365488700911
999.0,48002.0,0.9892715183411565,0.0013477875445179791
1000.0,48050.0,0.9892715183411565,0.0013477875445179791
1001.0,48098.0,0.9892715183411565,0.0013477875445179791
1002.0,48146.0,0.9892715183411565,0.0013477875445179791
1003.0,48194.0,0.9892715183411565,0.0013477875445179791
1004.0,48242.0,0.9892762546879108,0.001349507639260199
1005.0,48290.0,0.9892762585071374,0.001349499490462919
1006.0,48338.0,0.9892762585071374,0.001349499490462919
1007.0,48386.0,0.9892762585071374,0.001349499490462919
1008.0,48434.0,0.989285579953713,0.001354737404426159
1009.0,48482.0,0.989285579953713,0.001354737404426159
1010.0,48530.0,0.989285579953713,0.001354737404426159
1011.0,48578.0,0.9892859278298444,0.001354922108827919
1012.0,48626.0,0.9892859278298444,0.001354922108827919
1013.0,48674.0,0.9892859278298444,0.001354922108827919
1014.0,48722.0,0.9892859323832939,0.0013549247391012368
1015.0,48770.0,0.9892859323832939,0.0013549247391012368
1016.0,48818.0,0.9892859323832939,0.0013549247391012368
1017.0,48866.0,0.9892859323832939,0.0013549247391012368
1018.0,48914.0,0.9892883554397486,0.001356222924027932
1019.0,48962.0,0.9892883554397486,0.001356222924027932
1020.0,49010.0,0.9892927969300096,0.001358810080410653
1021.0,49058.0,0.9892927969300096,0.001358810080410653
1022.0,49106.0,0.9892927969300096,0.001358810080410653
1023.0,49154.0,0.9892927969300096,0.001358810080410653
1024.0,49202.0,0.9892927969300096,0.001358810080410653
1025.0,49250.0,0.9892929933051832,0.00135839097913512
1026.0,49298.0,0.9892929933051832,0.00135839097913512
1027.0,49346.0,0.9892929933051832,0.00135839097913512
1028.0,49394.0,0.9892929933051832,0.00135839097913512
1029.0,49442.0,0.9892938466247413,0.0013588486349080762
1030.0,49490.0,0.9892938466247413,0.0013588486349080762
1031.0,49538.0,0.9892962526768182,0.001353741471667989
1032.0,49586.0,0.9892962526768182,0.001353741471667989
1033.0,49634.0,0.9892965637826332,0.001353924920698339
1034.0,49682.0,0.9892965637826332,0.001353924920698339
1035.0,49730.0,0.9892965637826332,0.001353924920698339
1036.0,49778.0,0.9892965787749359,0.0013539403628746354
1037.0,49826.0,0.9892965787749359,0.0013539403628746354
1038.0,49874.0,0.9892965787749359,0.0013539403628746354
1039.0,49922.0,0.9893017691999416,0.0013555665219257779
1040.0,49970.0,0.9893041715040237,0.0013568540994260251
