Algoritmo,Lambda,Semilla,Antena_ID,Pos_X,Pos_Y,Potencia_W
GA,0.5,42,1,0.5,0.5,0.2818792404337143
GA,0.5,42,2,0.5,1.5,0.0
GA,0.5,42,3,0.5,2.5,0.20463599722135725
GA,0.5,42,4,0.5,3.5,0.07587977594837358
GA,0.5,42,5,0.5,4.5,1.2002101324075783e-11
GA,0.5,42,6,0.5,5.5,0.5195489233272321
GA,0.5,42,7,0.5,6.5,0.0
GA,0.5,42,8,0.5,7.5,0.3092918367742317
GA,0.5,42,9,0.5,8.5,6.548339475534161e-7
GA,0.5,42,10,0.5,9.5,0.2592408089263668
GA,0.5,42,11,1.5,0.5,0.0
GA,0.5,42,12,1.5,1.5,0.06402440020152275
GA,0.5,42,13,1.5,2.5,0.005423532508441703
GA,0.5,42,14,1.5,3.5,0.12930938421303587
GA,0.5,42,15,1.5,4.5,0.06031163448016805
GA,0.5,42,16,1.5,5.5,0.0006332621192377059
GA,0.5,42,17,1.5,6.5,0.0
GA,0.5,42,18,1.5,7.5,0.005985694791260416
GA,0.5,42,19,1.5,8.5,0.21930745930290818
GA,0.5,42,20,1.5,9.5,0.0007449045001787137
GA,0.5,42,21,2.5,0.5,0.2052418186192588
GA,0.5,42,22,2.5,1.5,0.0012608888096434117
GA,0.5,42,23,2.5,2.5,0.251251004732953
GA,0.5,42,24,2.5,3.5,0.04893196720390043
GA,0.5,42,25,2.5,4.5,0.08426216155269896
GA,0.5,42,26,2.5,5.5,0.07193204668279742
GA,0.5,42,27,2.5,6.5,0.29173059813446095
GA,0.5,42,28,2.5,7.5,0.01958862297000937
GA,0.5,42,29,2.5,8.5,7.592335319706864e-5
GA,0.5,42,30,2.5,9.5,0.17304525508293972
GA,0.5,42,31,3.5,0.5,0.05655746327882778
GA,0.5,42,32,3.5,1.5,0.10244003110211801
GA,0.5,42,33,3.5,2.5,0.0015337812647370876
GA,0.5,42,34,3.5,3.5,0.12397401643915981
GA,0.5,42,35,3.5,4.5,0.07115569839380896
GA,0.5,42,36,3.5,5.5,0.07839288479523437
GA,0.5,42,37,3.5,6.5,0.013338057850729508
GA,0.5,42,38,3.5,7.5,2.836285783181392e-6
GA,0.5,42,39,3.5,8.5,0.30265130366575127
GA,0.5,42,40,3.5,9.5,0.03760452797762231
GA,0.5,42,41,4.5,0.5,0.14112905763258196
GA,0.5,42,42,4.5,1.5,0.023863320732254126
GA,0.5,42,43,4.5,2.5,0.2347359247283876
GA,0.5,42,44,4.5,3.5,0.05783218490587583
GA,0.5,42,45,4.5,4.5,0.08005181104479461
GA,0.5,42,46,4.5,5.5,0.2852307518617347
GA,0.5,42,47,4.5,6.5,0.0015444956755967575
GA,0.5,42,48,4.5,7.5,0.29557939220791823
GA,0.5,42,49,4.5,8.5,0.0
GA,0.5,42,50,4.5,9.5,0.2143486212932225
GA,0.5,42,51,5.5,0.5,0.3026392045656617
GA,0.5,42,52,5.5,1.5,0.01913592754905994
GA,0.5,42,53,5.5,2.5,0.002051528880050746
GA,0.5,42,54,5.5,3.5,0.03526884234315713
GA,0.5,42,55,5.5,4.5,0.26970749577513714
GA,0.5,42,56,5.5,5.5,8.687802388142344e-6
GA,0.5,42,57,5.5,6.5,0.0431233865896302
GA,0.5,42,58,5.5,7.5,0.1260995342766976
GA,0.5,42,59,5.5,8.5,0.0
GA,0.5,42,60,5.5,9.5,0.04638169795588631
GA,0.5,42,61,6.5,0.5,8.218149856304378e-6
GA,0.5,42,62,6.5,1.5,0.02977380937068506
GA,0.5,42,63,6.5,2.5,0.3007380269593008
GA,0.5,42,64,6.5,3.5,0.034735715577916104
GA,0.5,42,65,6.5,4.5,0.0
GA,0.5,42,66,6.5,5.5,0.20436838450382072
GA,0.5,42,67,6.5,6.5,0.0
GA,0.5,42,68,6.5,7.5,0.0
GA,0.5,42,69,6.5,8.5,0.34358463272884865
GA,0.5,42,70,6.5,9.5,0.13365109653839036
GA,0.5,42,71,7.5,0.5,0.2188917361557393
GA,0.5,42,72,7.5,1.5,0.0007493071931543412
GA,0.5,42,73,7.5,2.5,0.3419101170136923
GA,0.5,42,74,7.5,3.5,0.22350274738040113
GA,0.5,42,75,7.5,4.5,0.16765296470086535
GA,0.5,42,76,7.5,5.5,0.0
GA,0.5,42,77,7.5,6.5,0.4691832570545549
GA,0.5,42,78,7.5,7.5,0.0
GA,0.5,42,79,7.5,8.5,4.4541131259583257e-11
GA,0.5,42,80,7.5,9.5,0.0
GA,0.5,42,81,8.5,0.5,0.07056200519703411
GA,0.5,42,82,8.5,1.5,0.005090330317801641
GA,0.5,42,83,8.5,2.5,0.0
GA,0.5,42,84,8.5,3.5,0.0014219973675921888
GA,0.5,42,85,8.5,4.5,0.1003531933350771
GA,0.5,42,86,8.5,5.5,0.0038386965265217194
GA,0.5,42,87,8.5,6.5,0.0
GA,0.5,42,88,8.5,7.5,0.16539612091587766
GA,0.5,42,89,8.5,8.5,0.0
GA,0.5,42,90,8.5,9.5,0.40277529251014615
GA,0.5,42,91,9.5,0.5,0.0
GA,0.5,42,92,9.5,1.5,0.4616675895618783
GA,0.5,42,93,9.5,2.5,0.0
GA,0.5,42,94,9.5,3.5,0.19352602291514018
GA,0.5,42,95,9.5,4.5,4.876930645195984e-5
GA,0.5,42,96,9.5,5.5,0.27173780376927625
GA,0.5,42,97,9.5,6.5,1.9769288129406092e-12
GA,0.5,42,98,9.5,7.5,0.2830668759759403
GA,0.5,42,99,9.5,8.5,2.539037120067804e-5
GA,0.5,42,100,9.5,9.5,0.188440196584789
GA,0.5,123,1,0.5,0.5,0.38056133347509663
GA,0.5,123,2,0.5,1.5,1.7660312367251558e-6
GA,0.5,123,3,0.5,2.5,0.0
GA,0.5,123,4,0.5,3.5,0.06749405806449135
GA,0.5,123,5,0.5,4.5,0.0
GA,0.5,123,6,0.5,5.5,0.0024215789048738644
GA,0.5,123,7,0.5,6.5,0.5042221215955918
GA,0.5,123,8,0.5,7.5,0.001666562738673685
GA,0.5,123,9,0.5,8.5,5.869746063493388e-5
GA,0.5,123,10,0.5,9.5,0.5552594717952575
GA,0.5,123,11,1.5,0.5,0.0005946761246306537
GA,0.5,123,12,1.5,1.5,0.0007302528898996987
GA,0.5,123,13,1.5,2.5,0.5152210986704104
GA,0.5,123,14,1.5,3.5,8.092072605055356e-14
GA,0.5,123,15,1.5,4.5,0.5166713057470886
GA,0.5,123,16,1.5,5.5,3.5275366826571685e-10
GA,0.5,123,17,1.5,6.5,0.0
GA,0.5,123,18,1.5,7.5,3.8078066020332325e-5
GA,0.5,123,19,1.5,8.5,0.00020222233494207378
GA,0.5,123,20,1.5,9.5,1.463489764301572e-5
GA,0.5,123,21,2.5,0.5,0.20216512448279356
GA,0.5,123,22,2.5,1.5,0.04040610934976085
GA,0.5,123,23,2.5,2.5,0.0
GA,0.5,123,24,2.5,3.5,0.046440908259454974
GA,0.5,123,25,2.5,4.5,0.00016199677685154267
GA,0.5,123,26,2.5,5.5,0.11334656975591209
GA,0.5,123,27,2.5,6.5,0.003123170852428793
GA,0.5,123,28,2.5,7.5,0.3680748135602284
GA,0.5,123,29,2.5,8.5,8.78647572232869e-11
GA,0.5,123,30,2.5,9.5,0.2874512369420116
GA,0.5,123,31,3.5,0.5,2.1399741266097157e-8
GA,0.5,123,32,3.5,1.5,0.052535576839565334
GA,0.5,123,33,3.5,2.5,0.21471040943389877
GA,0.5,123,34,3.5,3.5,0.0
GA,0.5,123,35,3.5,4.5,0.05880067491611052
GA,0.5,123,36,3.5,5.5,0.1306226650694583
GA,0.5,123,37,3.5,6.5,0.0
GA,0.5,123,38,3.5,7.5,0.005454098609679976
GA,0.5,123,39,3.5,8.5,0.1161489683265646
GA,0.5,123,40,3.5,9.5,0.002280948053408874
GA,0.5,123,41,4.5,0.5,0.2696499964460161
GA,0.5,123,42,4.5,1.5,0.04017076679170122
GA,0.5,123,43,4.5,2.5,0.0
GA,0.5,123,44,4.5,3.5,0.5134306752736818
GA,0.5,123,45,4.5,4.5,6.378472507941574e-5
GA,0.5,123,46,4.5,5.5,0.00012794342498746757
GA,0.5,123,47,4.5,6.5,0.4274629553056932
GA,0.5,123,48,4.5,7.5,0.004086714436585156
GA,0.5,123,49,4.5,8.5,0.12464483712097608
GA,0.5,123,50,4.5,9.5,0.200854276796996
GA,0.5,123,51,5.5,0.5,0.29741718601943007
GA,0.5,123,52,5.5,1.5,0.0
GA,0.5,123,53,5.5,2.5,0.23926279486890137
GA,0.5,123,54,5.5,3.5,1.1521044446737567e-5
GA,0.5,123,55,5.5,4.5,0.014132906121152831
GA,0.5,123,56,5.5,5.5,0.1503383090183915
GA,0.5,123,57,5.5,6.5,1.760213219756891e-5
GA,0.5,123,58,5.5,7.5,1.283671502898459e-10
GA,0.5,123,59,5.5,8.5,0.002755649207662197
GA,0.5,123,60,5.5,9.5,0.0576048219254366
GA,0.5,123,61,6.5,0.5,1.7322144854980847e-18
GA,0.5,123,62,6.5,1.5,2.26709539490371e-6
GA,0.5,123,63,6.5,2.5,0.0
GA,0.5,123,64,6.5,3.5,0.07320720643244545
GA,0.5,123,65,6.5,4.5,0.0961784210859467
GA,0.5,123,66,6.5,5.5,0.010354284220284667
GA,0.5,123,67,6.5,6.5,0.12476041676783256
GA,0.5,123,68,6.5,7.5,0.00017058671413557088
GA,0.5,123,69,6.5,8.5,0.5033850516100038
GA,0.5,123,70,6.5,9.5,1.9168748604701225e-5
GA,0.5,123,71,7.5,0.5,0.19557661507008642
GA,0.5,123,72,7.5,1.5,0.3469595146407533
GA,0.5,123,73,7.5,2.5,0.3475725181995198
GA,0.5,123,74,7.5,3.5,0.001031654295698681
GA,0.5,123,75,7.5,4.5,0.11764371404723704
GA,0.5,123,76,7.5,5.5,0.14683672756770452
GA,0.5,123,77,7.5,6.5,0.22840655384459488
GA,0.5,123,78,7.5,7.5,0.0014533509063854892
GA,0.5,123,79,7.5,8.5,5.618681040099742e-5
GA,0.5,123,80,7.5,9.5,0.0723991504354195
GA,0.5,123,81,8.5,0.5,0.07143197370408819
GA,0.5,123,82,8.5,1.5,0.0006137823362989702
GA,0.5,123,83,8.5,2.5,0.00011000107796492672
GA,0.5,123,84,8.5,3.5,0.06075583315514512
GA,0.5,123,85,8.5,4.5,0.1229521497850975
GA,0.5,123,86,8.5,5.5,1.663116442188548e-6
GA,0.5,123,87,8.5,6.5,0.034496337486918084
GA,0.5,123,88,8.5,7.5,0.09734409646417355
GA,0.5,123,89,8.5,8.5,0.07551973055024797
GA,0.5,123,90,8.5,9.5,0.08478237721103991
GA,0.5,123,91,9.5,0.5,0.07683450268416098
GA,0.5,123,92,9.5,1.5,0.1299745406699201
GA,0.5,123,93,9.5,2.5,0.252170557203709
GA,0.5,123,94,9.5,3.5,0.0003025275100097712
GA,0.5,123,95,9.5,4.5,0.18047452604446046
GA,0.5,123,96,9.5,5.5,0.27575754090400834
GA,0.5,123,97,9.5,6.5,0.1277665104250252
GA,0.5,123,98,9.5,7.5,0.082769028762663
GA,0.5,123,99,9.5,8.5,0.07865829150975742
GA,0.5,123,100,9.5,9.5,0.08295024312949446
GA,0.5,256,1,0.5,0.5,0.0
GA,0.5,256,2,0.5,1.5,0.07565143611609805
GA,0.5,256,3,0.5,2.5,0.12999853012323792
GA,0.5,256,4,0.5,3.5,0.006205239345159744
GA,0.5,256,5,0.5,4.5,0.3566799338901913
GA,0.5,256,6,0.5,5.5,0.6172426610166024
GA,0.5,256,7,0.5,6.5,9.944445760789245e-10
GA,0.5,256,8,0.5,7.5,0.06822173365682492
GA,0.5,256,9,0.5,8.5,2.039751696722911e-10
GA,0.5,256,10,0.5,9.5,0.0711860457342492
GA,0.5,256,11,1.5,0.5,0.4657196058663392
GA,0.5,256,12,1.5,1.5,1.3784373872694455e-5
GA,0.5,256,13,1.5,2.5,0.2547235728892964
GA,0.5,256,14,1.5,3.5,0.0
GA,0.5,256,15,1.5,4.5,0.17938110453594694
GA,0.5,256,16,1.5,5.5,5.257670674226176e-6
GA,0.5,256,17,1.5,6.5,1.2348495126448324e-5
GA,0.5,256,18,1.5,7.5,1.575289625126148e-5
GA,0.5,256,19,1.5,8.5,0.6116981940058532
GA,0.5,256,20,1.5,9.5,0.35790094963643443
GA,0.5,256,21,2.5,0.5,0.0
GA,0.5,256,22,2.5,1.5,0.30042038102974916
GA,0.5,256,23,2.5,2.5,7.230992900431261e-5
GA,0.5,256,24,2.5,3.5,0.06222793455412805
GA,0.5,256,25,2.5,4.5,0.0708146579412584
GA,0.5,256,26,2.5,5.5,0.0483733341234418
GA,0.5,256,27,2.5,6.5,0.09661691437824457
GA,0.5,256,28,2.5,7.5,0.00828694082724959
GA,0.5,256,29,2.5,8.5,0.0
GA,0.5,256,30,2.5,9.5,0.0
GA,0.5,256,31,3.5,0.5,0.2590679826356792
GA,0.5,256,32,3.5,1.5,0.01862751050098008
GA,0.5,256,33,3.5,2.5,3.009048588150341e-5
GA,0.5,256,34,3.5,3.5,0.28794136167626194
GA,0.5,256,35,3.5,4.5,0.0
GA,0.5,256,36,3.5,5.5,0.12336922069323235
GA,0.5,256,37,3.5,6.5,0.0
GA,0.5,256,38,3.5,7.5,0.003056419714983029
GA,0.5,256,39,3.5,8.5,2.875113656096412e-7
GA,0.5,256,40,3.5,9.5,0.13608898480502687
GA,0.5,256,41,4.5,0.5,2.687604426173332e-6
GA,0.5,256,42,4.5,1.5,9.304867741579401e-6
GA,0.5,256,43,4.5,2.5,0.23643491794532456
GA,0.5,256,44,4.5,3.5,9.698351559895474e-6
GA,0.5,256,45,4.5,4.5,0.4414575817999437
GA,0.5,256,46,4.5,5.5,0.0059554826043990506
GA,0.5,256,47,4.5,6.5,2.0841736231351375e-5
GA,0.5,256,48,4.5,7.5,0.7527089434949592
GA,0.5,256,49,4.5,8.5,1.6995776350348295e-7
GA,0.5,256,50,4.5,9.5,0.0
GA,0.5,256,51,5.5,0.5,0.0
GA,0.5,256,52,5.5,1.5,0.5926014124567885
GA,0.5,256,53,5.5,2.5,0.0038277655320712875
GA,0.5,256,54,5.5,3.5,0.031458995806848425
GA,0.5,256,55,5.5,4.5,0.09969628305419864
GA,0.5,256,56,5.5,5.5,0.0415306711305716
GA,0.5,256,57,5.5,6.5,0.0
GA,0.5,256,58,5.5,7.5,3.9845483808719015e-5
GA,0.5,256,59,5.5,8.5,0.0
GA,0.5,256,60,5.5,9.5,0.3620715546367966
GA,0.5,256,61,6.5,0.5,0.07620195226784106
GA,0.5,256,62,6.5,1.5,0.0
GA,0.5,256,63,6.5,2.5,0.0
GA,0.5,256,64,6.5,3.5,0.13171106814433117
GA,0.5,256,65,6.5,4.5,0.03146668539271584
GA,0.5,256,66,6.5,5.5,0.20016355653513238
GA,0.5,256,67,6.5,6.5,0.10466972758506124
GA,0.5,256,68,6.5,7.5,0.12965955045043218
GA,0.5,256,69,6.5,8.5,1.6963206316843516e-7
GA,0.5,256,70,6.5,9.5,0.4165267341012514
GA,0.5,256,71,7.5,0.5,6.473672612808817e-8
GA,0.5,256,72,7.5,1.5,2.001377858659542e-6
GA,0.5,256,73,7.5,2.5,0.2542747619456176
GA,0.5,256,74,7.5,3.5,0.02675233990015617
GA,0.5,256,75,7.5,4.5,0.09116497121726683
GA,0.5,256,76,7.5,5.5,0.012162071959169641
GA,0.5,256,77,7.5,6.5,9.815773157535099e-5
GA,0.5,256,78,7.5,7.5,0.13451178940483755
GA,0.5,256,79,7.5,8.5,0.00014720581931423145
GA,0.5,256,80,7.5,9.5,0.0001941775245603412
GA,0.5,256,81,8.5,0.5,0.46302100268233937
GA,0.5,256,82,8.5,1.5,0.003377210370072022
GA,0.5,256,83,8.5,2.5,0.04896388279864843
GA,0.5,256,84,8.5,3.5,0.0
GA,0.5,256,85,8.5,4.5,0.2826829093528145
GA,0.5,256,86,8.5,5.5,0.0
GA,0.5,256,87,8.5,6.5,0.34531500508679736
GA,0.5,256,88,8.5,7.5,0.0021293855236790274
GA,0.5,256,89,8.5,8.5,7.911549596279768e-5
GA,0.5,256,90,8.5,9.5,0.614111819524384
GA,0.5,256,91,9.5,0.5,0.46697139344225314
GA,0.5,256,92,9.5,1.5,0.0001095556238985809
GA,0.5,256,93,9.5,2.5,6.136713412655044e-5
GA,0.5,256,94,9.5,3.5,0.5121873683092142
GA,0.5,256,95,9.5,4.5,1.2801745623441537e-8
GA,0.5,256,96,9.5,5.5,0.07560774792931145
GA,0.5,256,97,9.5,6.5,0.10001171187971843
GA,0.5,256,98,9.5,7.5,0.07343247945017314
GA,0.5,256,99,9.5,8.5,0.07407690987844649
GA,0.5,256,100,9.5,9.5,0.0
GA,0.5,789,1,0.5,0.5,0.07677127795619039
GA,0.5,789,2,0.5,1.5,0.19169317023299917
GA,0.5,789,3,0.5,2.5,4.20377100594302e-6
GA,0.5,789,4,0.5,3.5,0.35759931205582357
GA,0.5,789,5,0.5,4.5,0.0023179154524434484
GA,0.5,789,6,0.5,5.5,0.13935945345756415
GA,0.5,789,7,0.5,6.5,0.26756603053340927
GA,0.5,789,8,0.5,7.5,0.003257724903017381
GA,0.5,789,9,0.5,8.5,0.21265975861302866
GA,0.5,789,10,0.5,9.5,0.19877182217024783
GA,0.5,789,11,1.5,0.5,0.17025461719523746
GA,0.5,789,12,1.5,1.5,0.011630016297023201
GA,0.5,789,13,1.5,2.5,0.059466789153583145
GA,0.5,789,14,1.5,3.5,7.192976477215161e-7
GA,0.5,789,15,1.5,4.5,0.21412598431240834
GA,0.5,789,16,1.5,5.5,1.183887404259419e-6
GA,0.5,789,17,1.5,6.5,5.9392515809710004e-5
GA,0.5,789,18,1.5,7.5,0.06232560634509044
GA,0.5,789,19,1.5,8.5,0.0790194395021
GA,0.5,789,20,1.5,9.5,0.0
GA,0.5,789,21,2.5,0.5,0.05853820470353029
GA,0.5,789,22,2.5,1.5,0.0861632644392276
GA,0.5,789,23,2.5,2.5,0.3404861957163058
GA,0.5,789,24,2.5,3.5,0.0
GA,0.5,789,25,2.5,4.5,4.125907182387086e-8
GA,0.5,789,26,2.5,5.5,0.00011187656531537909
GA,0.5,789,27,2.5,6.5,0.5013749568915147
GA,0.5,789,28,2.5,7.5,0.0
GA,0.5,789,29,2.5,8.5,0.07293862426503805
GA,0.5,789,30,2.5,9.5,0.24982978385237012
GA,0.5,789,31,3.5,0.5,0.11284441829436907
GA,0.5,789,32,3.5,1.5,0.039935569914638994
GA,0.5,789,33,3.5,2.5,0.0
GA,0.5,789,34,3.5,3.5,0.023838681923352804
GA,0.5,789,35,3.5,4.5,0.300719876064456
GA,0.5,789,36,3.5,5.5,0.0012892943690672163
GA,0.5,789,37,3.5,6.5,1.454490740857774e-14
GA,0.5,789,38,3.5,7.5,0.00951883243035047
GA,0.5,789,39,3.5,8.5,0.09077049286462237
GA,0.5,789,40,3.5,9.5,0.0007401820617875928
GA,0.5,789,41,4.5,0.5,0.26512936218910477
GA,0.5,789,42,4.5,1.5,0.00025624859350615583
GA,0.5,789,43,4.5,2.5,0.22002045595049002
GA,0.5,789,44,4.5,3.5,0.015638390417645694
GA,0.5,789,45,4.5,4.5,0.00014261506556368145
GA,0.5,789,46,4.5,5.5,8.522998212117224e-5
GA,0.5,789,47,4.5,6.5,0.509605462485812
GA,0.5,789,48,4.5,7.5,1.729782329440619e-7
GA,0.5,789,49,4.5,8.5,0.08303029487199004
GA,0.5,789,50,4.5,9.5,0.2757605361382007
GA,0.5,789,51,5.5,0.5,0.005200780559019058
GA,0.5,789,52,5.5,1.5,0.10508312126618276
GA,0.5,789,53,5.5,2.5,0.1330016539074818
GA,0.5,789,54,5.5,3.5,0.05922940921841307
GA,0.5,789,55,5.5,4.5,0.3035059345556059
GA,0.5,789,56,5.5,5.5,0.00013287772805829667
GA,0.5,789,57,5.5,6.5,1.992605623616025e-7
GA,0.5,789,58,5.5,7.5,0.23551627732624314
GA,0.5,789,59,5.5,8.5,0.01045699557226774
GA,0.5,789,60,5.5,9.5,0.0
GA,0.5,789,61,6.5,0.5,0.1763208043284586
GA,0.5,789,62,6.5,1.5,0.030489630552199925
GA,0.5,789,63,6.5,2.5,0.11720175569312195
GA,0.5,789,64,6.5,3.5,0.0
GA,0.5,789,65,6.5,4.5,1.6792501664137444e-5
GA,0.5,789,66,6.5,5.5,0.20455838479931393
GA,0.5,789,67,6.5,6.5,0.07879375370562092
GA,0.5,789,68,6.5,7.5,0.09861325927265777
GA,0.5,789,69,6.5,8.5,0.030774685785756498
GA,0.5,789,70,6.5,9.5,0.3015552518591105
GA,0.5,789,71,7.5,0.5,0.13005885590068803
GA,0.5,789,72,7.5,1.5,0.10134891425901556
GA,0.5,789,73,7.5,2.5,0.0
GA,0.5,789,74,7.5,3.5,0.4925535871162298
GA,0.5,789,75,7.5,4.5,0.0
GA,0.5,789,76,7.5,5.5,0.0
GA,0.5,789,77,7.5,6.5,0.0
GA,0.5,789,78,7.5,7.5,0.22396136425073088
GA,0.5,789,79,7.5,8.5,3.1747670244060283e-7
GA,0.5,789,80,7.5,9.5,0.16285528822010237
GA,0.5,789,81,8.5,0.5,0.06141353535076158
GA,0.5,789,82,8.5,1.5,0.11817429150624645
GA,0.5,789,83,8.5,2.5,2.3320158122772106e-5
GA,0.5,789,84,8.5,3.5,5.112127570131822e-9
GA,0.5,789,85,8.5,4.5,3.508150275970204e-5
GA,0.5,789,86,8.5,5.5,0.0
GA,0.5,789,87,8.5,6.5,0.6501911359393505
GA,0.5,789,88,8.5,7.5,0.0
GA,0.5,789,89,8.5,8.5,0.10444245912856659
GA,0.5,789,90,8.5,9.5,0.05341792256643889
GA,0.5,789,91,9.5,0.5,0.13317492329955719
GA,0.5,789,92,9.5,1.5,0.05110588140309926
GA,0.5,789,93,9.5,2.5,0.2673667652033274
GA,0.5,789,94,9.5,3.5,4.4931940074682826e-7
GA,0.5,789,95,9.5,4.5,0.22361940053847543
GA,0.5,789,96,9.5,5.5,0.002150478580478123
GA,0.5,789,97,9.5,6.5,0.0
GA,0.5,789,98,9.5,7.5,0.0
GA,0.5,789,99,9.5,8.5,0.1903606572526117
GA,0.5,789,100,9.5,9.5,0.13197468792274938
GA,0.5,1024,1,0.5,0.5,0.11803502698159259
GA,0.5,1024,2,0.5,1.5,5.881498155113448e-9
GA,0.5,1024,3,0.5,2.5,0.3752262940664007
GA,0.5,1024,4,0.5,3.5,0.0011411081052925473
GA,0.5,1024,5,0.5,4.5,0.0825619960029697
GA,0.5,1024,6,0.5,5.5,0.07949590869131339
GA,0.5,1024,7,0.5,6.5,0.0849098290252916
GA,0.5,1024,8,0.5,7.5,0.08180762079717643
GA,0.5,1024,9,0.5,8.5,0.0010941231681176103
GA,0.5,1024,10,0.5,9.5,0.10173643401862668
GA,0.5,1024,11,1.5,0.5,0.189872375926236
GA,0.5,1024,12,1.5,1.5,8.392975970610615e-6
GA,0.5,1024,13,1.5,2.5,0.001119733554983356
GA,0.5,1024,14,1.5,3.5,0.45781739136487043
GA,0.5,1024,15,1.5,4.5,0.007692807836800774
GA,0.5,1024,16,1.5,5.5,0.07989196328673358
GA,0.5,1024,17,1.5,6.5,0.07595845876137568
GA,0.5,1024,18,1.5,7.5,0.00032761666610845765
GA,0.5,1024,19,1.5,8.5,0.47047752717373753
GA,0.5,1024,20,1.5,9.5,0.0005276537480524031
GA,0.5,1024,21,2.5,0.5,0.0
GA,0.5,1024,22,2.5,1.5,0.28973923453208184
GA,0.5,1024,23,2.5,2.5,0.0
GA,0.5,1024,24,2.5,3.5,0.005718384490911976
GA,0.5,1024,25,2.5,4.5,0.0
GA,0.5,1024,26,2.5,5.5,0.2815840973516547
GA,0.5,1024,27,2.5,6.5,0.07017799167011028
GA,0.5,1024,28,2.5,7.5,0.10205002071086322
GA,0.5,1024,29,2.5,8.5,0.0
GA,0.5,1024,30,2.5,9.5,0.10634985501798908
GA,0.5,1024,31,3.5,0.5,0.30222599835173425
GA,0.5,1024,32,3.5,1.5,0.02324695423890224
GA,0.5,1024,33,3.5,2.5,0.0
GA,0.5,1024,34,3.5,3.5,0.25027972080051736
GA,0.5,1024,35,3.5,4.5,5.3943275177937364e-5
GA,0.5,1024,36,3.5,5.5,0.0032775610569729698
GA,0.5,1024,37,3.5,6.5,0.14174288051342368
GA,0.5,1024,38,3.5,7.5,0.01908716164120023
GA,0.5,1024,39,3.5,8.5,0.11541671556789108
GA,0.5,1024,40,3.5,9.5,0.07894627070133384
GA,0.5,1024,41,4.5,0.5,0.0027037769706284324
GA,0.5,1024,42,4.5,1.5,0.003023103497371336
GA,0.5,1024,43,4.5,2.5,0.2243946431017925
GA,0.5,1024,44,4.5,3.5,0.0
GA,0.5,1024,45,4.5,4.5,0.25891689027843756
GA,0.5,1024,46,4.5,5.5,0.17226623243423134
GA,0.5,1024,47,4.5,6.5,0.0
GA,0.5,1024,48,4.5,7.5,0.09891812240532522
GA,0.5,1024,49,4.5,8.5,0.033679061149353165
GA,0.5,1024,50,4.5,9.5,0.10336180271090217
GA,0.5,1024,51,5.5,0.5,0.539407886221689
GA,0.5,1024,52,5.5,1.5,0.0
GA,0.5,1024,53,5.5,2.5,1.2412682753409116e-10
GA,0.5,1024,54,5.5,3.5,0.282670730728329
GA,0.5,1024,55,5.5,4.5,0.0
GA,0.5,1024,56,5.5,5.5,0.005754774559186541
GA,0.5,1024,57,5.5,6.5,0.006162138445492666
GA,0.5,1024,58,5.5,7.5,0.4894256016087381
GA,0.5,1024,59,5.5,8.5,0.003321023265511744
GA,0.5,1024,60,5.5,9.5,0.2524603022986143
GA,0.5,1024,61,6.5,0.5,0.0
GA,0.5,1024,62,6.5,1.5,0.0
GA,0.5,1024,63,6.5,2.5,0.26700815051529503
GA,0.5,1024,64,6.5,3.5,5.089385540613884e-5
GA,0.5,1024,65,6.5,4.5,0.0
GA,0.5,1024,66,6.5,5.5,0.27297052647339004
GA,0.5,1024,67,6.5,6.5,4.373543368118393e-6
GA,0.5,1024,68,6.5,7.5,2.672767216602365e-6
GA,0.5,1024,69,6.5,8.5,0.048813711883859356
GA,0.5,1024,70,6.5,9.5,1.3455856855364472e-5
GA,0.5,1024,71,7.5,0.5,0.0736579840969342
GA,0.5,1024,72,7.5,1.5,0.0
GA,0.5,1024,73,7.5,2.5,0.1152162326388198
GA,0.5,1024,74,7.5,3.5,0.03239024727428247
GA,0.5,1024,75,7.5,4.5,0.28950684987263364
GA,0.5,1024,76,7.5,5.5,7.837650151072549e-7
GA,0.5,1024,77,7.5,6.5,0.1504576599062835
GA,0.5,1024,78,7.5,7.5,0.060816070068013435
GA,0.5,1024,79,7.5,8.5,0.11521275927133921
GA,0.5,1024,80,7.5,9.5,0.20965746051146872
GA,0.5,1024,81,8.5,0.5,7.055245945146246e-5
GA,0.5,1024,82,8.5,1.5,0.5774346153858377
GA,0.5,1024,83,8.5,2.5,0.0
GA,0.5,1024,84,8.5,3.5,0.10564386264220903
GA,0.5,1024,85,8.5,4.5,0.0012844228576060735
GA,0.5,1024,86,8.5,5.5,0.08632065796420497
GA,0.5,1024,87,8.5,6.5,0.031738328835301526
GA,0.5,1024,88,8.5,7.5,0.1082468187341565
GA,0.5,1024,89,8.5,8.5,0.018976885371837074
GA,0.5,1024,90,8.5,9.5,0.001913442057721391
GA,0.5,1024,91,9.5,0.5,0.07269714936814478
GA,0.5,1024,92,9.5,1.5,0.0
GA,0.5,1024,93,9.5,2.5,8.156101050819049e-6
GA,0.5,1024,94,9.5,3.5,0.26111425728513443
GA,0.5,1024,95,9.5,4.5,0.2552284294948697
GA,0.5,1024,96,9.5,5.5,1.0056474859526844e-11
GA,0.5,1024,97,9.5,6.5,0.17381798117495828
GA,0.5,1024,98,9.5,7.5,0.16323324676300033
GA,0.5,1024,99,9.5,8.5,0.010806258189628423
GA,0.5,1024,100,9.5,9.5,0.4028474392419726
