ID_Antena,Pos_X,Pos_Y,Potencia_W
1,0.5,0.5,0.11087082505992148
2,0.5,1.5,0.0
3,0.5,2.5,0.34078187470346427
4,0.5,3.5,0.0
5,0.5,4.5,0.0
6,0.5,5.5,0.6132690446513667
7,0.5,6.5,0.0
8,0.5,7.5,0.0
9,0.5,8.5,0.0
10,0.5,9.5,0.0
11,1.5,0.5,0.0
12,1.5,1.5,0.0
13,1.5,2.5,0.0
14,1.5,3.5,0.08532515287730565
15,1.5,4.5,0.0
16,1.5,5.5,0.0
17,1.5,6.5,0.0
18,1.5,7.5,0.0
19,1.5,8.5,0.8346648702340376
20,1.5,9.5,0.0
21,2.5,0.5,0.5536624762252631
22,2.5,1.5,0.0
23,2.5,2.5,0.11087082505992145
24,2.5,3.5,0.0
25,2.5,4.5,0.0
26,2.5,5.5,0.0
27,2.5,6.5,0.08532515287730565
28,2.5,7.5,0.0
29,2.5,8.5,0.0
30,2.5,9.5,0.0
31,3.5,0.5,0.0
32,3.5,1.5,0.0
33,3.5,2.5,0.07680992881643367
34,3.5,3.5,0.0
35,3.5,4.5,0.6132690446513668
36,3.5,5.5,0.0
37,3.5,6.5,0.017203360390330016
38,3.5,7.5,0.11087082505992152
39,3.5,8.5,0.017203360390329943
40,3.5,9.5,0.11087082505992152
41,4.5,0.5,0.0
42,4.5,1.5,0.0
43,4.5,2.5,0.0
44,4.5,3.5,0.0
45,4.5,4.5,0.0
46,4.5,5.5,0.0
47,4.5,6.5,0.0
48,4.5,7.5,0.0
49,4.5,8.5,0.08532515287730556
50,4.5,9.5,0.04274903257294591
51,5.5,0.5,0.0
52,5.5,1.5,0.8346648702340376
53,5.5,2.5,0.0
54,5.5,3.5,0.1449317213034092
55,5.5,4.5,0.017203360390330016
56,5.5,5.5,0.0
57,5.5,6.5,0.6132690446513668
58,5.5,7.5,0.0
59,5.5,8.5,0.0
60,5.5,9.5,0.0
61,6.5,0.5,0.0
62,6.5,1.5,0.0
63,6.5,2.5,0.0
64,6.5,3.5,0.0
65,6.5,4.5,0.08532515287730565
66,6.5,5.5,0.0
67,6.5,6.5,0.0
68,6.5,7.5,0.0
69,6.5,8.5,0.0
70,6.5,9.5,0.6132690446513664
71,7.5,0.5,0.06829470475556176
72,7.5,1.5,0.0
73,7.5,2.5,0.0
74,7.5,3.5,0.22156873785125686
75,7.5,4.5,0.0
76,7.5,5.5,0.1449317213034095
77,7.5,6.5,0.0
78,7.5,7.5,0.0
79,7.5,8.5,0.0
80,7.5,9.5,0.0
81,8.5,0.5,0.0
82,8.5,1.5,0.0
83,8.5,2.5,0.0
84,8.5,3.5,0.0
85,8.5,4.5,0.0
86,8.5,5.5,0.0
87,8.5,6.5,0.0
88,8.5,7.5,0.5536624762252634
89,8.5,8.5,0.0
90,8.5,9.5,0.0
91,9.5,0.5,0.0
92,9.5,1.5,0.9879389033297329
93,9.5,2.5,0.0
94,9.5,3.5,0.0
95,9.5,4.5,0.5792081484078789
96,9.5,5.5,0.0
97,9.5,6.5,0.04274903257294591
98,9.5,7.5,0.0
99,9.5,8.5,0.0
100,9.5,9.5,0.34078187470346394
