lambda,fitness_medio,fitness_desv,fitness_mejor,cobertura_pct,interferencia,antenas_encendidas,potencia_total_w,fitness_todas_al_maximo
0.0,1.00000,0.00000,1.00000,100.000,0.36141,100.0,49.109,1.00000
0.0625,0.99947,0.00004,0.99953,100.000,0.00846,26.5,9.909,0.93750
0.125,0.99899,0.00010,0.99916,100.000,0.00807,27.8,9.628,0.87500
0.25,0.99799,0.00025,0.99856,100.000,0.00803,27.3,9.841,0.75000
0.5,0.99609,0.00046,0.99692,100.000,0.00783,26.7,9.551,0.50000
1.0,0.99262,0.00040,0.99329,99.996,0.00734,25.8,9.863,0.00000
2.0,0.98617,0.00103,0.98748,99.952,0.00668,27.9,9.375,-1.00000
4.0,0.97520,0.00135,0.97855,99.724,0.00551,27.8,9.309,-3.00000
8.0,0.96067,0.00528,0.96787,98.868,0.00350,29.1,8.976,-7.00000
16.0,0.93945,0.00584,0.95241,97.412,0.00217,30.4,8.555,-15.00000
